,Date,HomeTeam,AwayTeam,Final_HomeGoals,Final_AwayGoals,Final_Result,Half_HomeGoals,Half_AwayGoals,Half_Result,Referee,Home_Shots,Away_Shots,HomeShots_Target,AwayShots_Target,Home_Fouls,Away_Fouls,Home_Corner,Away_Corner,Home_Yellows,Away_Yellows,Home_Reds,Away_Reds,Season
0,2007-11-08,Aston Villa,Liverpool,1.0,2.0,A,0.0,1.0,A,M Riley,10.0,17.0,6.0,7.0,18.0,11.0,4.0,2.0,4.0,2.0,0.0,0.0,0
5,2007-11-08,Sunderland,Tottenham,1.0,0.0,H,0.0,0.0,D,A Wiley,9.0,6.0,4.0,3.0,14.0,14.0,7.0,2.0,1.0,1.0,0.0,0.0,0
10,2007-08-14,Tottenham,Everton,1.0,3.0,A,1.0,3.0,A,M Halsey,14.0,16.0,8.0,10.0,16.0,9.0,9.0,4.0,2.0,0.0,0.0,0.0,0
22,2007-08-18,Tottenham,Derby,4.0,0.0,H,3.0,0.0,H,C Foy,25.0,4.0,14.0,2.0,8.0,14.0,9.0,3.0,0.0,4.0,0.0,0.0,0
25,2007-08-19,Liverpool,Chelsea,1.0,1.0,D,1.0,0.0,H,R Styles,18.0,6.0,8.0,2.0,11.0,16.0,5.0,2.0,4.0,5.0,0.0,0.0,0
33,2007-08-25,Sunderland,Liverpool,0.0,2.0,A,0.0,1.0,A,M Halsey,7.0,17.0,2.0,12.0,12.0,12.0,6.0,4.0,1.0,1.0,0.0,0.0,0
35,2007-08-26,Man United,Tottenham,1.0,0.0,H,0.0,0.0,D,H Webb,14.0,10.0,5.0,3.0,15.0,7.0,4.0,4.0,2.0,3.0,0.0,0.0,0
38,2007-01-09,Fulham,Tottenham,3.0,3.0,D,1.0,2.0,A,M Riley,13.0,13.0,7.0,8.0,13.0,11.0,6.0,14.0,1.0,0.0,0.0,0.0,0
39,2007-01-09,Liverpool,Derby,6.0,0.0,H,2.0,0.0,H,A Wiley,20.0,8.0,10.0,3.0,10.0,14.0,4.0,2.0,0.0,1.0,0.0,0.0,0
50,2007-09-15,Portsmouth,Liverpool,0.0,0.0,D,0.0,0.0,D,M Riley,9.0,12.0,2.0,6.0,20.0,14.0,5.0,4.0,3.0,2.0,0.0,0.0,0
52,2007-09-15,Tottenham,Arsenal,1.0,3.0,A,1.0,0.0,H,M Clattenburg,14.0,16.0,5.0,10.0,28.0,22.0,8.0,4.0,2.0,2.0,0.0,0.0,0
59,2007-09-22,Liverpool,Birmingham,0.0,0.0,D,0.0,0.0,D,L Mason,18.0,5.0,4.0,2.0,3.0,10.0,11.0,2.0,0.0,2.0,0.0,0.0,0
64,2007-09-23,Bolton,Tottenham,1.0,1.0,D,1.0,1.0,D,A Marriner,5.0,10.0,4.0,7.0,14.0,15.0,4.0,11.0,0.0,2.0,0.0,0.0,0
74,2007-09-29,Wigan,Liverpool,0.0,1.0,A,0.0,0.0,D,M Clattenburg,9.0,14.0,3.0,10.0,11.0,10.0,5.0,6.0,2.0,1.0,0.0,0.0,0
76,2007-01-10,Tottenham,Aston Villa,4.0,4.0,D,1.0,3.0,A,M Dean,19.0,7.0,12.0,7.0,10.0,13.0,13.0,3.0,2.0,3.0,0.0,0.0,0
83,2007-07-10,Liverpool,Tottenham,2.0,2.0,D,1.0,1.0,D,M Halsey,21.0,11.0,9.0,6.0,18.0,10.0,5.0,3.0,0.0,1.0,0.0,0.0,0
90,2007-10-20,Everton,Liverpool,1.0,2.0,A,1.0,0.0,H,M Clattenburg,6.0,17.0,1.0,7.0,8.0,14.0,9.0,6.0,1.0,2.0,2.0,0.0,0
96,2007-10-22,Newcastle,Tottenham,3.0,1.0,H,1.0,0.0,H,S Bennett,15.0,11.0,7.0,4.0,12.0,7.0,5.0,5.0,2.0,2.0,0.0,0.0,0
105,2007-10-28,Liverpool,Arsenal,1.0,1.0,D,1.0,0.0,H,H Webb,11.0,11.0,8.0,4.0,16.0,10.0,4.0,1.0,3.0,3.0,0.0,0.0,0
106,2007-10-28,Tottenham,Blackburn,1.0,2.0,A,0.0,0.0,D,R Styles,9.0,9.0,6.0,4.0,11.0,14.0,10.0,2.0,4.0,3.0,0.0,0.0,0
109,2007-03-11,Blackburn,Liverpool,0.0,0.0,D,0.0,0.0,D,M Atkinson,15.0,11.0,7.0,7.0,7.0,11.0,6.0,3.0,0.0,1.0,0.0,0.0,0
112,2007-03-11,Middlesbrough,Tottenham,1.0,1.0,D,0.0,1.0,A,M Dean,5.0,9.0,3.0,4.0,13.0,8.0,6.0,7.0,1.0,0.0,0.0,0.0,0
118,2007-10-11,Liverpool,Fulham,2.0,0.0,H,0.0,0.0,D,S Tanner,20.0,5.0,12.0,3.0,9.0,12.0,8.0,2.0,0.0,2.0,0.0,0.0,0
125,2007-11-11,Tottenham,Wigan,4.0,0.0,H,3.0,0.0,H,H Webb,19.0,6.0,8.0,2.0,8.0,16.0,5.0,2.0,0.0,2.0,0.0,0.0,0
134,2007-11-24,Newcastle,Liverpool,0.0,3.0,A,0.0,1.0,A,A Wiley,6.0,17.0,2.0,11.0,13.0,11.0,0.0,8.0,3.0,1.0,0.0,0.0,0
136,2007-11-25,West Ham,Tottenham,1.0,1.0,D,1.0,0.0,H,M Riley,14.0,9.0,9.0,5.0,33.0,5.0,7.0,8.0,3.0,4.0,0.0,0.0,0
145,2007-02-12,Liverpool,Bolton,4.0,0.0,H,2.0,0.0,H,S Bennett,23.0,6.0,14.0,3.0,11.0,14.0,5.0,5.0,0.0,3.0,0.0,0.0,0
146,2007-02-12,Tottenham,Birmingham,2.0,3.0,A,0.0,1.0,A,P Dowd,17.0,7.0,9.0,3.0,10.0,13.0,12.0,3.0,0.0,1.0,1.0,0.0,0
154,2007-08-12,Reading,Liverpool,3.0,1.0,H,1.0,1.0,D,A Marriner,7.0,15.0,4.0,5.0,10.0,10.0,7.0,7.0,0.0,1.0,0.0,0.0,0
158,2007-09-12,Tottenham,Man City,2.0,1.0,H,1.0,0.0,H,M Halsey,12.0,7.0,8.0,3.0,7.0,13.0,2.0,6.0,2.0,3.0,0.0,1.0,0
163,2007-12-15,Portsmouth,Tottenham,0.0,1.0,A,0.0,0.0,D,M Atkinson,9.0,12.0,5.0,5.0,22.0,13.0,4.0,4.0,3.0,2.0,0.0,0.0,0
168,2007-12-16,Liverpool,Man United,0.0,1.0,A,0.0,1.0,A,M Halsey,19.0,5.0,6.0,3.0,14.0,13.0,3.0,3.0,2.0,3.0,0.0,0.0,0
169,2007-12-22,Arsenal,Tottenham,2.0,1.0,H,0.0,0.0,D,R Styles,9.0,10.0,5.0,5.0,10.0,10.0,5.0,1.0,1.0,3.0,0.0,0.0,0
173,2007-12-22,Liverpool,Portsmouth,4.0,1.0,H,2.0,0.0,H,M Riley,14.0,9.0,7.0,3.0,13.0,11.0,3.0,1.0,1.0,2.0,0.0,0.0,0
181,2007-12-26,Derby,Liverpool,1.0,2.0,A,0.0,1.0,A,A Wiley,9.0,22.0,4.0,10.0,9.0,9.0,2.0,7.0,1.0,0.0,0.0,0.0,0
185,2007-12-26,Tottenham,Fulham,5.0,1.0,H,2.0,0.0,H,A Marriner,12.0,9.0,8.0,4.0,10.0,17.0,3.0,5.0,1.0,4.0,0.0,1.0,0
194,2007-12-29,Tottenham,Reading,6.0,4.0,H,1.0,1.0,D,K Stroud,14.0,11.0,12.0,8.0,9.0,12.0,3.0,6.0,0.0,3.0,0.0,0.0,0
198,2007-12-30,Man City,Liverpool,0.0,0.0,D,0.0,0.0,D,U Rennie,4.0,19.0,3.0,11.0,4.0,7.0,2.0,9.0,0.0,1.0,0.0,0.0,0
200,2008-01-01,Aston Villa,Tottenham,2.0,1.0,H,1.0,0.0,H,S Tanner,14.0,9.0,4.0,6.0,5.0,16.0,8.0,2.0,0.0,3.0,0.0,0.0,0
207,2008-02-01,Liverpool,Wigan,1.0,1.0,D,0.0,0.0,D,S Bennett,15.0,6.0,11.0,1.0,13.0,16.0,4.0,1.0,2.0,1.0,0.0,0.0,0
211,2008-12-01,Chelsea,Tottenham,2.0,0.0,H,1.0,0.0,H,A Wiley,8.0,6.0,6.0,2.0,17.0,11.0,4.0,7.0,2.0,4.0,0.0,0.0,0
215,2008-12-01,Middlesbrough,Liverpool,1.0,1.0,D,1.0,0.0,H,A Marriner,8.0,14.0,3.0,7.0,4.0,11.0,3.0,9.0,1.0,1.0,0.0,0.0,0
225,2008-01-19,Tottenham,Sunderland,2.0,0.0,H,1.0,0.0,H,L Mason,17.0,14.0,13.0,8.0,13.0,13.0,6.0,7.0,2.0,2.0,0.0,0.0,0
228,2008-01-21,Liverpool,Aston Villa,2.0,2.0,D,1.0,0.0,H,M Clattenburg,17.0,4.0,7.0,3.0,11.0,15.0,8.0,2.0,2.0,2.0,0.0,0.0,0
236,2008-01-30,Everton,Tottenham,0.0,0.0,D,0.0,0.0,D,A Marriner,11.0,5.0,6.0,4.0,14.0,12.0,7.0,2.0,1.0,1.0,0.0,0.0,0
238,2008-01-30,West Ham,Liverpool,1.0,0.0,H,0.0,0.0,D,A Wiley,8.0,13.0,2.0,5.0,11.0,19.0,4.0,6.0,0.0,3.0,0.0,0.0,0
241,2008-02-02,Liverpool,Sunderland,3.0,0.0,H,0.0,0.0,D,R Styles,14.0,6.0,11.0,3.0,8.0,10.0,4.0,1.0,1.0,2.0,0.0,0.0,0
245,2008-02-02,Tottenham,Man United,1.0,1.0,D,1.0,0.0,H,M Clattenburg,10.0,16.0,8.0,10.0,18.0,10.0,8.0,9.0,3.0,7.0,0.0,0.0,0
251,2008-09-02,Derby,Tottenham,0.0,3.0,A,0.0,0.0,D,M Atkinson,10.0,13.0,6.0,8.0,14.0,10.0,7.0,9.0,3.0,1.0,0.0,0.0,0
256,2008-10-02,Chelsea,Liverpool,0.0,0.0,D,0.0,0.0,D,M Riley,5.0,10.0,3.0,4.0,14.0,18.0,6.0,4.0,3.0,2.0,0.0,0.0,0
261,2008-02-23,Liverpool,Middlesbrough,3.0,2.0,H,2.0,1.0,H,L Mason,13.0,6.0,8.0,3.0,8.0,11.0,6.0,2.0,2.0,5.0,0.0,1.0,0
269,2008-01-03,Birmingham,Tottenham,4.0,1.0,H,1.0,0.0,H,L Probert,13.0,19.0,10.0,10.0,14.0,10.0,5.0,6.0,1.0,0.0,0.0,0.0,0
276,2008-02-03,Bolton,Liverpool,1.0,3.0,A,0.0,1.0,A,P Dowd,7.0,12.0,2.0,9.0,7.0,14.0,3.0,10.0,2.0,1.0,0.0,0.0,0
278,2008-05-03,Liverpool,West Ham,4.0,0.0,H,1.0,0.0,H,S Bennett,20.0,2.0,11.0,2.0,9.0,15.0,16.0,3.0,0.0,3.0,0.0,0.0,0
280,2008-08-03,Liverpool,Newcastle,3.0,0.0,H,2.0,0.0,H,P Walton,15.0,6.0,13.0,4.0,8.0,7.0,12.0,8.0,1.0,0.0,0.0,0.0,0
283,2008-09-03,Tottenham,West Ham,4.0,0.0,H,2.0,0.0,H,C Foy,18.0,8.0,11.0,4.0,6.0,17.0,8.0,4.0,0.0,2.0,0.0,1.0,0
290,2008-03-15,Liverpool,Reading,2.0,1.0,H,1.0,1.0,D,A Marriner,19.0,7.0,8.0,3.0,7.0,22.0,7.0,2.0,0.0,5.0,0.0,0.0,0
295,2008-03-16,Man City,Tottenham,2.0,1.0,H,0.0,1.0,A,M Clattenburg,13.0,12.0,8.0,7.0,11.0,3.0,5.0,5.0,0.0,0.0,0.0,0.0,0
299,2008-03-19,Tottenham,Chelsea,4.0,4.0,D,1.0,2.0,A,M Riley,10.0,10.0,9.0,8.0,10.0,16.0,10.0,2.0,2.0,2.0,0.0,0.0,0
307,2008-03-22,Tottenham,Portsmouth,2.0,0.0,H,0.0,0.0,D,P Dowd,17.0,4.0,8.0,4.0,8.0,13.0,7.0,2.0,0.0,1.0,0.0,0.0,0
309,2008-03-23,Man United,Liverpool,3.0,0.0,H,1.0,0.0,H,S Bennett,22.0,8.0,15.0,4.0,11.0,12.0,2.0,4.0,1.0,3.0,0.0,1.0,0
318,2008-03-30,Liverpool,Everton,1.0,0.0,H,1.0,0.0,H,H Webb,15.0,3.0,9.0,2.0,13.0,14.0,11.0,4.0,1.0,4.0,0.0,0.0,0
319,2008-03-30,Tottenham,Newcastle,1.0,4.0,A,1.0,1.0,D,S Bennett,18.0,17.0,10.0,9.0,10.0,8.0,6.0,7.0,1.0,1.0,0.0,0.0,0
320,2008-05-04,Arsenal,Liverpool,1.0,1.0,D,0.0,1.0,A,P Dowd,8.0,11.0,6.0,4.0,10.0,10.0,5.0,3.0,1.0,2.0,0.0,0.0,0
322,2008-05-04,Blackburn,Tottenham,1.0,1.0,D,1.0,1.0,D,P Walton,12.0,11.0,7.0,8.0,20.0,4.0,1.0,1.0,3.0,1.0,0.0,0.0,0
336,2008-12-04,Tottenham,Middlesbrough,1.0,1.0,D,1.0,0.0,H,M Halsey,12.0,13.0,9.0,7.0,6.0,19.0,2.0,7.0,0.0,3.0,0.0,0.0,0
337,2008-04-13,Liverpool,Blackburn,3.0,1.0,H,0.0,0.0,D,A Wiley,17.0,7.0,9.0,3.0,12.0,10.0,5.0,1.0,1.0,0.0,0.0,0.0,0
343,2008-04-19,Fulham,Liverpool,0.0,2.0,A,0.0,1.0,A,M Atkinson,10.0,16.0,6.0,7.0,9.0,10.0,3.0,3.0,1.0,0.0,0.0,0.0,0
346,2008-04-19,Wigan,Tottenham,1.0,1.0,D,1.0,1.0,D,L Probert,13.0,15.0,7.0,12.0,8.0,9.0,2.0,6.0,2.0,1.0,0.0,0.0,0
350,2008-04-26,Birmingham,Liverpool,2.0,2.0,D,1.0,0.0,H,P Walton,5.0,12.0,3.0,7.0,6.0,9.0,3.0,5.0,2.0,1.0,0.0,0.0,0
354,2008-04-26,Tottenham,Bolton,1.0,1.0,D,0.0,0.0,D,M Clattenburg,26.0,7.0,13.0,4.0,6.0,11.0,12.0,3.0,1.0,3.0,0.0,0.0,0
366,2008-03-05,Reading,Tottenham,0.0,1.0,A,0.0,1.0,A,H Webb,13.0,13.0,6.0,7.0,10.0,7.0,10.0,1.0,1.0,0.0,0.0,0.0,0
368,2008-04-05,Liverpool,Man City,1.0,0.0,H,0.0,0.0,D,M Halsey,23.0,4.0,10.0,3.0,9.0,5.0,12.0,5.0,0.0,0.0,0.0,0.0,0
377,2008-11-05,Tottenham,Liverpool,0.0,2.0,A,0.0,0.0,D,U Rennie,6.0,18.0,3.0,12.0,11.0,9.0,8.0,4.0,1.0,1.0,0.0,0.0,0
4,2008-08-16,Middlesbrough,Tottenham,2.0,1.0,H,0.0,0.0,D,M Atkinson,14.0,8.0,10.0,5.0,11.0,12.0,7.0,9.0,1.0,2.0,0.0,0.0,1
5,2008-08-16,Sunderland,Liverpool,0.0,1.0,A,0.0,0.0,D,A Wiley,6.0,14.0,3.0,8.0,13.0,12.0,1.0,8.0,0.0,2.0,0.0,0.0,1
12,2008-08-23,Liverpool,Middlesbrough,2.0,1.0,H,0.0,0.0,D,M Riley,16.0,9.0,8.0,4.0,10.0,12.0,14.0,3.0,2.0,1.0,0.0,0.0,1
15,2008-08-23,Tottenham,Sunderland,1.0,2.0,A,0.0,0.0,D,M Dean,18.0,12.0,11.0,7.0,12.0,12.0,12.0,6.0,1.0,2.0,0.0,0.0,1
26,2008-08-31,Aston Villa,Liverpool,0.0,0.0,D,0.0,0.0,D,M Atkinson,5.0,8.0,2.0,3.0,9.0,13.0,5.0,8.0,0.0,2.0,0.0,0.0,1
27,2008-08-31,Chelsea,Tottenham,1.0,1.0,D,1.0,1.0,D,H Webb,12.0,6.0,3.0,6.0,10.0,13.0,5.0,8.0,3.0,0.0,0.0,0.0,1
31,2008-09-13,Liverpool,Man United,2.0,1.0,H,1.0,1.0,D,H Webb,16.0,7.0,11.0,3.0,10.0,18.0,5.0,4.0,0.0,3.0,0.0,1.0,1
38,2008-09-15,Tottenham,Aston Villa,1.0,2.0,A,0.0,1.0,A,S Bennett,17.0,17.0,10.0,13.0,15.0,12.0,12.0,8.0,1.0,4.0,0.0,0.0,1
41,2008-09-20,Liverpool,Stoke,0.0,0.0,D,0.0,0.0,D,A Marriner,27.0,3.0,11.0,2.0,8.0,10.0,20.0,3.0,1.0,1.0,0.0,0.0,1
47,2008-09-21,Tottenham,Wigan,0.0,0.0,D,0.0,0.0,D,S Tanner,11.0,14.0,4.0,6.0,13.0,12.0,3.0,4.0,2.0,2.0,0.0,0.0,1
51,2008-09-27,Everton,Liverpool,0.0,2.0,A,0.0,0.0,D,M Riley,4.0,11.0,2.0,6.0,17.0,20.0,7.0,4.0,3.0,3.0,1.0,0.0,1
57,2008-09-28,Portsmouth,Tottenham,2.0,0.0,H,1.0,0.0,H,M Dean,8.0,15.0,6.0,8.0,18.0,13.0,3.0,6.0,4.0,3.0,1.0,0.0,1
65,2008-05-10,Man City,Liverpool,2.0,3.0,A,2.0,0.0,H,P Walton,7.0,14.0,5.0,7.0,11.0,12.0,1.0,7.0,1.0,1.0,1.0,0.0,1
67,2008-05-10,Tottenham,Hull,0.0,1.0,A,0.0,1.0,A,R Styles,27.0,10.0,16.0,6.0,15.0,15.0,12.0,0.0,4.0,2.0,0.0,0.0,1
73,2008-10-18,Liverpool,Wigan,3.0,2.0,H,1.0,2.0,A,A Wiley,17.0,7.0,7.0,4.0,10.0,13.0,5.0,2.0,1.0,1.0,0.0,1.0,1
77,2008-10-19,Stoke,Tottenham,2.0,1.0,H,1.0,1.0,D,L Mason,7.0,11.0,3.0,6.0,12.0,12.0,6.0,1.0,1.0,2.0,0.0,2.0,1
83,2008-10-26,Chelsea,Liverpool,0.0,1.0,A,0.0,1.0,A,H Webb,14.0,8.0,5.0,3.0,17.0,13.0,4.0,2.0,3.0,3.0,0.0,0.0,1
86,2008-10-26,Tottenham,Bolton,2.0,0.0,H,1.0,0.0,H,A Marriner,19.0,10.0,9.0,3.0,9.0,16.0,3.0,4.0,0.0,3.0,0.0,1.0,1
90,2008-10-29,Arsenal,Tottenham,4.0,4.0,D,1.0,1.0,D,M Atkinson,20.0,9.0,12.0,6.0,8.0,17.0,9.0,1.0,1.0,4.0,0.0,0.0,1
95,2008-10-29,Liverpool,Portsmouth,1.0,0.0,H,0.0,0.0,D,S Tanner,21.0,4.0,10.0,1.0,13.0,12.0,7.0,1.0,0.0,3.0,0.0,0.0,1
105,2008-01-11,Tottenham,Liverpool,2.0,1.0,H,0.0,1.0,A,P Dowd,8.0,14.0,4.0,6.0,18.0,13.0,4.0,4.0,1.0,2.0,0.0,0.0,1
111,2008-08-11,Liverpool,West Brom,3.0,0.0,H,2.0,0.0,H,P Walton,11.0,4.0,10.0,2.0,10.0,8.0,3.0,7.0,2.0,1.0,0.0,0.0,1
118,2008-09-11,Man City,Tottenham,1.0,2.0,A,1.0,1.0,D,M Dean,9.0,14.0,7.0,9.0,12.0,13.0,4.0,5.0,1.0,2.0,2.0,1.0,1
121,2008-11-15,Bolton,Liverpool,0.0,2.0,A,0.0,1.0,A,R Styles,15.0,15.0,9.0,6.0,7.0,7.0,7.0,3.0,1.0,1.0,0.0,0.0,1
122,2008-11-15,Fulham,Tottenham,2.0,1.0,H,1.0,0.0,H,A Wiley,16.0,7.0,14.0,3.0,2.0,10.0,10.0,3.0,1.0,0.0,0.0,0.0,1
131,2008-11-22,Liverpool,Fulham,0.0,0.0,D,0.0,0.0,D,M Halsey,18.0,6.0,7.0,6.0,7.0,6.0,9.0,3.0,0.0,0.0,0.0,0.0,1
137,2008-11-23,Tottenham,Blackburn,1.0,0.0,H,1.0,0.0,H,H Webb,16.0,9.0,7.0,6.0,15.0,15.0,6.0,6.0,2.0,3.0,0.0,1.0,1
147,2008-11-30,Tottenham,Everton,0.0,1.0,A,0.0,0.0,D,S Bennett,14.0,8.0,6.0,6.0,9.0,16.0,5.0,1.0,1.0,3.0,0.0,0.0,1
148,2008-01-12,Liverpool,West Ham,0.0,0.0,D,0.0,0.0,D,P Walton,21.0,7.0,8.0,3.0,5.0,7.0,17.0,5.0,1.0,1.0,0.0,0.0,1
150,2008-06-12,Blackburn,Liverpool,1.0,3.0,A,0.0,0.0,D,A Marriner,7.0,10.0,3.0,6.0,11.0,9.0,5.0,6.0,2.0,2.0,0.0,0.0,1
158,2008-08-12,West Ham,Tottenham,0.0,2.0,A,0.0,0.0,D,C Foy,11.0,17.0,4.0,12.0,13.0,16.0,7.0,5.0,2.0,0.0,0.0,0.0,1
160,2008-12-13,Liverpool,Hull,2.0,2.0,D,2.0,2.0,D,A Wiley,22.0,9.0,10.0,3.0,12.0,8.0,8.0,4.0,3.0,3.0,0.0,0.0,1
165,2008-12-13,Tottenham,Man United,0.0,0.0,D,0.0,0.0,D,M Dean,11.0,15.0,6.0,12.0,10.0,9.0,4.0,14.0,1.0,1.0,0.0,0.0,1
174,2008-12-21,Arsenal,Liverpool,1.0,1.0,D,1.0,1.0,D,H Webb,6.0,10.0,3.0,6.0,14.0,17.0,2.0,1.0,3.0,3.0,1.0,0.0,1
175,2008-12-21,Newcastle,Tottenham,2.0,1.0,H,1.0,1.0,D,A Marriner,7.0,11.0,4.0,6.0,9.0,7.0,4.0,7.0,3.0,2.0,0.0,0.0,1
180,2008-12-26,Liverpool,Bolton,3.0,0.0,H,1.0,0.0,H,A Wiley,18.0,4.0,8.0,2.0,7.0,12.0,16.0,3.0,1.0,3.0,0.0,0.0,1
186,2008-12-26,Tottenham,Fulham,0.0,0.0,D,0.0,0.0,D,P Walton,14.0,10.0,7.0,7.0,7.0,11.0,4.0,2.0,0.0,1.0,0.0,0.0,1
193,2008-12-28,Newcastle,Liverpool,1.0,5.0,A,1.0,2.0,A,M Halsey,10.0,17.0,7.0,12.0,7.0,11.0,4.0,9.0,2.0,1.0,0.0,0.0,1
194,2008-12-28,West Brom,Tottenham,2.0,0.0,H,0.0,0.0,D,S Tanner,17.0,4.0,11.0,3.0,13.0,12.0,8.0,4.0,3.0,2.0,0.0,1.0,1
203,2009-10-01,Stoke,Liverpool,0.0,0.0,D,0.0,0.0,D,L Mason,5.0,7.0,0.0,3.0,10.0,10.0,4.0,5.0,2.0,2.0,0.0,0.0,1
205,2009-11-01,Wigan,Tottenham,1.0,0.0,H,0.0,0.0,D,A Marriner,13.0,6.0,5.0,3.0,13.0,13.0,8.0,3.0,3.0,3.0,0.0,0.0,1
214,2009-01-18,Tottenham,Portsmouth,1.0,1.0,D,0.0,0.0,D,S Bennett,26.0,11.0,15.0,4.0,6.0,10.0,8.0,4.0,0.0,2.0,0.0,0.0,1
216,2009-01-19,Liverpool,Everton,1.0,1.0,D,0.0,0.0,D,H Webb,9.0,7.0,5.0,6.0,19.0,15.0,4.0,4.0,0.0,2.0,0.0,0.0,1
219,2009-01-27,Tottenham,Stoke,3.0,1.0,H,3.0,0.0,H,M Riley,22.0,6.0,14.0,3.0,19.0,21.0,7.0,4.0,2.0,3.0,0.0,0.0,1
226,2009-01-28,Wigan,Liverpool,1.0,1.0,D,0.0,1.0,A,P Dowd,3.0,10.0,1.0,5.0,12.0,17.0,2.0,2.0,1.0,0.0,0.0,0.0,1
229,2009-01-31,Bolton,Tottenham,3.0,2.0,H,1.0,0.0,H,P Dowd,13.0,13.0,7.0,10.0,11.0,14.0,2.0,8.0,0.0,1.0,0.0,0.0,1
235,2009-01-02,Liverpool,Chelsea,2.0,0.0,H,0.0,0.0,D,M Riley,21.0,4.0,15.0,1.0,20.0,15.0,12.0,1.0,4.0,3.0,0.0,1.0,1
241,2009-07-02,Portsmouth,Liverpool,2.0,3.0,A,0.0,0.0,D,H Webb,9.0,14.0,7.0,9.0,10.0,9.0,2.0,4.0,1.0,0.0,0.0,0.0,1
245,2009-08-02,Tottenham,Arsenal,0.0,0.0,D,0.0,0.0,D,M Dean,16.0,4.0,6.0,1.0,14.0,14.0,6.0,4.0,1.0,2.0,0.0,1.0,1
256,2009-02-22,Liverpool,Man City,1.0,1.0,D,0.0,0.0,D,P Dowd,18.0,10.0,5.0,4.0,10.0,13.0,6.0,4.0,1.0,2.0,0.0,0.0,1
258,2009-02-23,Hull,Tottenham,1.0,2.0,A,1.0,1.0,D,L Probert,12.0,9.0,4.0,6.0,11.0,7.0,11.0,13.0,2.0,1.0,0.0,0.0,1
262,2009-02-28,Middlesbrough,Liverpool,2.0,0.0,H,1.0,0.0,H,R Styles,5.0,16.0,3.0,7.0,2.0,6.0,2.0,9.0,2.0,0.0,0.0,0.0,1
267,2009-03-03,Liverpool,Sunderland,2.0,0.0,H,0.0,0.0,D,M Halsey,22.0,5.0,12.0,2.0,9.0,6.0,6.0,2.0,1.0,1.0,0.0,0.0,1
275,2009-04-03,Tottenham,Middlesbrough,4.0,0.0,H,3.0,0.0,H,H Webb,12.0,15.0,7.0,6.0,7.0,6.0,4.0,8.0,0.0,1.0,0.0,0.0,1
277,2009-07-03,Sunderland,Tottenham,1.0,1.0,D,1.0,0.0,H,P Dowd,8.0,13.0,3.0,8.0,17.0,9.0,4.0,1.0,3.0,2.0,0.0,0.0,1
283,2009-03-14,Man United,Liverpool,1.0,4.0,A,1.0,2.0,A,A Wiley,14.0,9.0,9.0,6.0,14.0,15.0,10.0,3.0,2.0,3.0,1.0,0.0,1
286,2009-03-15,Aston Villa,Tottenham,1.0,2.0,A,0.0,1.0,A,S Bennett,11.0,10.0,5.0,9.0,12.0,9.0,9.0,5.0,1.0,3.0,0.0,0.0,1
294,2009-03-21,Tottenham,Chelsea,1.0,0.0,H,0.0,0.0,D,M Dean,8.0,15.0,4.0,9.0,14.0,8.0,8.0,7.0,2.0,2.0,0.0,0.0,1
296,2009-03-22,Liverpool,Aston Villa,5.0,0.0,H,3.0,0.0,H,M Atkinson,14.0,6.0,7.0,4.0,10.0,13.0,4.0,6.0,1.0,3.0,0.0,1.0,1
300,2009-04-04,Blackburn,Tottenham,2.0,1.0,H,0.0,1.0,A,P Walton,11.0,9.0,6.0,3.0,13.0,9.0,4.0,7.0,1.0,1.0,0.0,1.0,1
302,2009-04-04,Fulham,Liverpool,0.0,1.0,A,0.0,0.0,D,S Bennett,3.0,19.0,1.0,10.0,8.0,10.0,3.0,6.0,2.0,2.0,0.0,0.0,1
310,2009-11-04,Liverpool,Blackburn,4.0,0.0,H,2.0,0.0,H,M Riley,22.0,7.0,12.0,5.0,6.0,13.0,7.0,2.0,2.0,1.0,0.0,0.0,1
315,2009-11-04,Tottenham,West Ham,1.0,0.0,H,0.0,0.0,D,M Atkinson,14.0,8.0,9.0,6.0,9.0,12.0,10.0,1.0,1.0,4.0,0.0,0.0,1
325,2009-04-19,Tottenham,Newcastle,1.0,0.0,H,1.0,0.0,H,M Halsey,22.0,8.0,18.0,3.0,13.0,15.0,4.0,7.0,1.0,2.0,0.0,0.0,1
326,2009-04-21,Liverpool,Arsenal,4.0,4.0,D,0.0,1.0,A,H Webb,22.0,8.0,15.0,4.0,10.0,12.0,12.0,0.0,0.0,1.0,0.0,0.0,1
332,2009-04-25,Hull,Liverpool,1.0,3.0,A,0.0,1.0,A,M Atkinson,7.0,21.0,5.0,8.0,15.0,14.0,3.0,8.0,3.0,1.0,1.0,0.0,1
333,2009-04-25,Man United,Tottenham,5.0,2.0,H,0.0,2.0,A,H Webb,21.0,6.0,14.0,4.0,14.0,10.0,6.0,2.0,3.0,3.0,0.0,0.0,1
344,2009-02-05,Tottenham,West Brom,1.0,0.0,H,1.0,0.0,H,R Styles,16.0,10.0,9.0,7.0,6.0,7.0,9.0,7.0,1.0,1.0,0.0,0.0,1
346,2009-03-05,Liverpool,Newcastle,3.0,0.0,H,2.0,0.0,H,P Dowd,25.0,3.0,11.0,3.0,6.0,8.0,7.0,1.0,0.0,2.0,0.0,1.0,1
351,2009-09-05,Everton,Tottenham,0.0,0.0,D,0.0,0.0,D,L Mason,13.0,4.0,5.0,2.0,16.0,10.0,4.0,5.0,2.0,3.0,0.0,0.0,1
355,2009-09-05,West Ham,Liverpool,0.0,3.0,A,0.0,2.0,A,A Wiley,8.0,16.0,3.0,9.0,10.0,17.0,2.0,4.0,3.0,2.0,0.0,0.0,1
366,2009-05-16,Tottenham,Man City,2.0,1.0,H,1.0,0.0,H,M Halsey,11.0,9.0,4.0,3.0,5.0,7.0,4.0,7.0,0.0,1.0,0.0,0.0,1
368,2009-05-17,West Brom,Liverpool,0.0,2.0,A,0.0,1.0,A,M Atkinson,12.0,16.0,7.0,10.0,13.0,4.0,11.0,5.0,2.0,0.0,0.0,0.0,1
375,2009-05-24,Liverpool,Tottenham,3.0,1.0,H,1.0,0.0,H,P Walton,20.0,8.0,9.0,4.0,14.0,4.0,9.0,2.0,0.0,1.0,0.0,0.0,1
9,2009-08-16,Tottenham,Liverpool,2.0,1.0,H,1.0,0.0,H,P Dowd,17.0,6.0,11.0,3.0,14.0,16.0,6.0,5.0,3.0,3.0,0.0,0.0,2
14,2009-08-19,Hull,Tottenham,1.0,5.0,A,1.0,3.0,A,C Foy,9.0,18.0,7.0,12.0,23.0,13.0,6.0,5.0,3.0,2.0,0.0,0.0,2
15,2009-08-19,Liverpool,Stoke,4.0,0.0,H,2.0,0.0,H,P Walton,18.0,6.0,13.0,3.0,10.0,9.0,11.0,5.0,0.0,1.0,0.0,0.0,2
24,2009-08-23,West Ham,Tottenham,1.0,2.0,A,0.0,0.0,D,M Clattenburg,17.0,17.0,8.0,10.0,13.0,11.0,4.0,8.0,2.0,1.0,0.0,0.0,2
25,2009-08-24,Liverpool,Aston Villa,1.0,3.0,A,0.0,2.0,A,M Atkinson,21.0,7.0,12.0,4.0,15.0,11.0,10.0,4.0,3.0,2.0,0.0,0.0,2
27,2009-08-29,Bolton,Liverpool,2.0,3.0,A,1.0,1.0,D,A Wiley,8.0,26.0,5.0,14.0,14.0,7.0,5.0,11.0,3.0,1.0,1.0,0.0,2
31,2009-08-29,Tottenham,Birmingham,2.0,1.0,H,0.0,0.0,D,P Walton,20.0,11.0,14.0,6.0,12.0,10.0,7.0,3.0,2.0,2.0,0.0,0.0,2
37,2009-12-09,Liverpool,Burnley,4.0,0.0,H,2.0,0.0,H,L Mason,27.0,6.0,16.0,3.0,8.0,10.0,7.0,5.0,0.0,2.0,0.0,0.0,2
42,2009-12-09,Tottenham,Man United,1.0,3.0,A,1.0,2.0,A,A Marriner,11.0,17.0,7.0,13.0,16.0,13.0,3.0,9.0,3.0,2.0,0.0,1.0,2
51,2009-09-19,West Ham,Liverpool,2.0,3.0,A,2.0,2.0,D,A Marriner,8.0,19.0,5.0,15.0,13.0,17.0,4.0,4.0,3.0,3.0,0.0,0.0,2
52,2009-09-20,Chelsea,Tottenham,3.0,0.0,H,1.0,0.0,H,H Webb,25.0,9.0,15.0,4.0,7.0,9.0,11.0,3.0,0.0,2.0,0.0,0.0,2
59,2009-09-26,Liverpool,Hull,6.0,1.0,H,2.0,1.0,H,P Walton,22.0,7.0,14.0,3.0,10.0,3.0,13.0,2.0,1.0,4.0,0.0,0.0,2
62,2009-09-26,Tottenham,Burnley,5.0,0.0,H,2.0,0.0,H,M Dean,18.0,10.0,12.0,7.0,10.0,14.0,2.0,7.0,1.0,1.0,0.0,0.0,2
66,2009-03-10,Bolton,Tottenham,2.0,2.0,D,1.0,1.0,D,M Jones,12.0,17.0,9.0,9.0,15.0,16.0,5.0,6.0,2.0,1.0,0.0,0.0,2
72,2009-04-10,Chelsea,Liverpool,2.0,0.0,H,0.0,0.0,D,M Atkinson,12.0,12.0,8.0,3.0,14.0,17.0,5.0,8.0,1.0,1.0,0.0,0.0,2
80,2009-10-17,Portsmouth,Tottenham,1.0,2.0,A,0.0,2.0,A,P Dowd,23.0,9.0,13.0,4.0,14.0,13.0,10.0,9.0,3.0,3.0,1.0,1.0,2
82,2009-10-17,Sunderland,Liverpool,1.0,0.0,H,1.0,0.0,H,M Jones,13.0,15.0,7.0,6.0,20.0,17.0,1.0,7.0,2.0,1.0,0.0,0.0,2
90,2009-10-24,Tottenham,Stoke,0.0,1.0,A,0.0,0.0,D,L Probert,22.0,8.0,12.0,2.0,8.0,18.0,7.0,1.0,0.0,3.0,0.0,0.0,2
93,2009-10-25,Liverpool,Man United,2.0,0.0,H,0.0,0.0,D,A Marriner,11.0,7.0,6.0,5.0,20.0,11.0,5.0,1.0,2.0,3.0,1.0,1.0,2
96,2009-10-31,Arsenal,Tottenham,3.0,0.0,H,2.0,0.0,H,M Clattenburg,18.0,7.0,12.0,5.0,10.0,10.0,6.0,2.0,1.0,1.0,0.0,0.0,2
100,2009-10-31,Fulham,Liverpool,3.0,1.0,H,1.0,1.0,D,L Mason,10.0,6.0,6.0,3.0,10.0,13.0,2.0,2.0,1.0,0.0,0.0,2.0,2
110,2009-07-11,Tottenham,Sunderland,2.0,0.0,H,1.0,0.0,H,K Friend,10.0,14.0,8.0,6.0,10.0,19.0,4.0,4.0,1.0,2.0,0.0,0.0,2
116,2009-09-11,Liverpool,Birmingham,2.0,2.0,D,1.0,2.0,A,P Walton,27.0,5.0,14.0,2.0,7.0,9.0,11.0,1.0,1.0,2.0,0.0,0.0,2
121,2009-11-21,Liverpool,Man City,2.0,2.0,D,0.0,0.0,D,P Dowd,10.0,9.0,6.0,6.0,9.0,13.0,7.0,3.0,2.0,0.0,0.0,0.0,2
126,2009-11-22,Tottenham,Wigan,9.0,1.0,H,1.0,0.0,H,P Walton,28.0,11.0,16.0,5.0,9.0,11.0,10.0,5.0,1.0,0.0,0.0,0.0,2
129,2009-11-28,Aston Villa,Tottenham,1.0,1.0,D,1.0,0.0,H,P Dowd,12.0,23.0,4.0,17.0,10.0,8.0,7.0,9.0,0.0,1.0,0.0,0.0,2
137,2009-11-29,Everton,Liverpool,0.0,2.0,A,0.0,1.0,A,A Wiley,12.0,9.0,8.0,7.0,15.0,12.0,6.0,4.0,1.0,0.0,0.0,0.0,2
141,2009-05-12,Blackburn,Liverpool,0.0,0.0,D,0.0,0.0,D,M Atkinson,9.0,15.0,3.0,11.0,15.0,9.0,1.0,8.0,1.0,0.0,0.0,0.0,2
147,2009-06-12,Everton,Tottenham,2.0,2.0,D,0.0,0.0,D,A Marriner,15.0,19.0,6.0,11.0,11.0,18.0,1.0,6.0,4.0,4.0,0.0,0.0,2
157,2009-12-12,Tottenham,Wolves,0.0,1.0,A,0.0,1.0,A,S Attwell,18.0,3.0,10.0,3.0,8.0,13.0,1.0,5.0,0.0,5.0,0.0,0.0,2
158,2009-12-13,Liverpool,Arsenal,1.0,2.0,A,1.0,0.0,H,H Webb,6.0,7.0,3.0,5.0,19.0,16.0,3.0,4.0,3.0,3.0,0.0,0.0,2
165,2009-12-16,Liverpool,Wigan,2.0,1.0,H,1.0,0.0,H,P Dowd,12.0,8.0,7.0,5.0,12.0,11.0,13.0,0.0,1.0,1.0,0.0,0.0,2
166,2009-12-16,Tottenham,Man City,3.0,0.0,H,1.0,0.0,H,A Wiley,19.0,9.0,7.0,5.0,10.0,8.0,5.0,6.0,2.0,3.0,0.0,0.0,2
169,2009-12-19,Blackburn,Tottenham,0.0,2.0,A,0.0,1.0,A,P Walton,13.0,7.0,9.0,2.0,7.0,6.0,5.0,0.0,0.0,1.0,0.0,0.0,2
172,2009-12-19,Portsmouth,Liverpool,2.0,0.0,H,1.0,0.0,H,L Mason,14.0,7.0,6.0,3.0,7.0,12.0,8.0,10.0,3.0,3.0,0.0,1.0,2
178,2009-12-26,Fulham,Tottenham,0.0,0.0,D,0.0,0.0,D,S Bennett,15.0,6.0,6.0,1.0,19.0,12.0,4.0,2.0,1.0,0.0,0.0,0.0,2
179,2009-12-26,Liverpool,Wolves,2.0,0.0,H,0.0,0.0,D,A Marriner,14.0,6.0,10.0,2.0,9.0,10.0,7.0,1.0,0.0,1.0,0.0,1.0,2
190,2009-12-28,Tottenham,West Ham,2.0,0.0,H,1.0,0.0,H,C Foy,21.0,3.0,9.0,2.0,9.0,14.0,9.0,3.0,2.0,3.0,0.0,0.0,2
192,2009-12-29,Aston Villa,Liverpool,0.0,1.0,A,0.0,0.0,D,L Probert,11.0,12.0,7.0,9.0,13.0,11.0,8.0,10.0,1.0,1.0,0.0,0.0,2
203,2010-01-16,Stoke,Liverpool,1.0,1.0,D,0.0,0.0,D,L Mason,6.0,4.0,5.0,3.0,14.0,10.0,10.0,0.0,1.0,2.0,0.0,0.0,2
204,2010-01-16,Tottenham,Hull,0.0,0.0,D,0.0,0.0,D,M Atkinson,25.0,8.0,18.0,2.0,14.0,11.0,14.0,1.0,4.0,2.0,0.0,0.0,2
210,2010-01-20,Liverpool,Tottenham,2.0,0.0,H,1.0,0.0,H,H Webb,13.0,7.0,5.0,5.0,11.0,17.0,2.0,3.0,2.0,3.0,0.0,0.0,2
214,2010-01-26,Tottenham,Fulham,2.0,0.0,H,1.0,0.0,H,M Dean,13.0,9.0,7.0,6.0,11.0,16.0,11.0,3.0,1.0,1.0,0.0,0.0,2
215,2010-01-26,Wolves,Liverpool,0.0,0.0,D,0.0,0.0,D,P Walton,6.0,6.0,4.0,3.0,10.0,11.0,0.0,7.0,0.0,1.0,0.0,0.0,2
220,2010-01-30,Birmingham,Tottenham,1.0,1.0,D,0.0,0.0,D,S Attwell,12.0,21.0,6.0,12.0,12.0,8.0,5.0,8.0,4.0,2.0,0.0,0.0,2
224,2010-01-30,Liverpool,Bolton,2.0,0.0,H,1.0,0.0,H,S Bennett,13.0,4.0,6.0,1.0,12.0,10.0,11.0,3.0,1.0,3.0,0.0,0.0,2
235,2010-06-02,Liverpool,Everton,1.0,0.0,H,0.0,0.0,D,M Atkinson,9.0,6.0,4.0,3.0,11.0,23.0,8.0,8.0,3.0,3.0,1.0,1.0,2
239,2010-06-02,Tottenham,Aston Villa,0.0,0.0,D,0.0,0.0,D,C Foy,28.0,10.0,15.0,5.0,10.0,13.0,12.0,4.0,0.0,0.0,0.0,0.0,2
246,2010-10-02,Arsenal,Liverpool,1.0,0.0,H,0.0,0.0,D,H Webb,11.0,9.0,6.0,7.0,19.0,13.0,3.0,6.0,3.0,2.0,0.0,0.0,2
251,2010-10-02,Wolves,Tottenham,1.0,0.0,H,1.0,0.0,H,M Clattenburg,8.0,10.0,4.0,4.0,15.0,10.0,5.0,7.0,2.0,1.0,0.0,0.0,2
262,2010-02-21,Man City,Liverpool,0.0,0.0,D,0.0,0.0,D,P Walton,4.0,6.0,1.0,2.0,7.0,15.0,8.0,5.0,1.0,6.0,0.0,0.0,2
263,2010-02-21,Wigan,Tottenham,0.0,3.0,A,0.0,1.0,A,A Wiley,8.0,13.0,7.0,12.0,17.0,13.0,3.0,2.0,3.0,4.0,0.0,0.0,2
270,2010-02-28,Liverpool,Blackburn,2.0,1.0,H,2.0,1.0,H,A Wiley,12.0,12.0,6.0,7.0,10.0,22.0,4.0,5.0,1.0,5.0,0.0,0.0,2
272,2010-02-28,Tottenham,Everton,2.0,1.0,H,2.0,0.0,H,S Bennett,13.0,14.0,9.0,10.0,9.0,18.0,6.0,9.0,1.0,4.0,0.0,0.0,2
277,2010-08-03,Wigan,Liverpool,1.0,0.0,H,1.0,0.0,H,A Marriner,12.0,11.0,4.0,3.0,15.0,14.0,4.0,7.0,1.0,5.0,0.0,0.0,2
287,2010-03-13,Tottenham,Blackburn,3.0,1.0,H,1.0,0.0,H,H Webb,14.0,10.0,7.0,7.0,12.0,7.0,5.0,6.0,0.0,0.0,0.0,0.0,2
290,2010-03-15,Liverpool,Portsmouth,4.0,1.0,H,3.0,0.0,H,S Attwell,23.0,7.0,12.0,3.0,10.0,15.0,8.0,4.0,0.0,2.0,0.0,0.0,2
296,2010-03-20,Stoke,Tottenham,1.0,2.0,A,0.0,0.0,D,M Dean,8.0,16.0,4.0,9.0,7.0,9.0,6.0,7.0,2.0,2.0,1.0,0.0,2
301,2010-03-21,Man United,Liverpool,2.0,1.0,H,1.0,1.0,D,H Webb,10.0,4.0,5.0,2.0,10.0,15.0,1.0,2.0,2.0,3.0,0.0,0.0,2
311,2010-03-27,Tottenham,Portsmouth,2.0,0.0,H,2.0,0.0,H,K Friend,16.0,8.0,8.0,3.0,5.0,9.0,11.0,2.0,0.0,1.0,0.0,0.0,2
315,2010-03-28,Liverpool,Sunderland,3.0,0.0,H,2.0,0.0,H,P Dowd,25.0,7.0,16.0,2.0,11.0,9.0,9.0,2.0,0.0,1.0,0.0,0.0,2
323,2010-03-04,Sunderland,Tottenham,3.0,1.0,H,2.0,0.0,H,L Mason,11.0,12.0,10.0,9.0,16.0,15.0,6.0,6.0,2.0,0.0,0.0,0.0,2
324,2010-04-04,Birmingham,Liverpool,1.0,1.0,D,0.0,0.0,D,M Atkinson,8.0,16.0,3.0,8.0,14.0,9.0,5.0,4.0,2.0,1.0,0.0,0.0,2
330,2010-11-04,Liverpool,Fulham,0.0,0.0,D,0.0,0.0,D,A Marriner,18.0,2.0,9.0,2.0,6.0,16.0,10.0,1.0,1.0,3.0,0.0,0.0,2
335,2010-04-14,Tottenham,Arsenal,2.0,1.0,H,1.0,0.0,H,M Clattenburg,13.0,19.0,10.0,11.0,13.0,10.0,4.0,6.0,3.0,1.0,0.0,0.0,2
343,2010-04-17,Tottenham,Chelsea,2.0,1.0,H,2.0,0.0,H,P Dowd,20.0,9.0,10.0,6.0,7.0,14.0,13.0,4.0,2.0,4.0,0.0,1.0,2
346,2010-04-19,Liverpool,West Ham,3.0,0.0,H,2.0,0.0,H,P Walton,17.0,6.0,8.0,2.0,8.0,12.0,9.0,2.0,0.0,2.0,0.0,0.0,2
351,2010-04-24,Man United,Tottenham,3.0,1.0,H,0.0,0.0,D,A Marriner,15.0,9.0,8.0,3.0,13.0,10.0,4.0,4.0,1.0,0.0,0.0,0.0,2
355,2010-04-25,Burnley,Liverpool,0.0,4.0,A,0.0,0.0,D,P Dowd,12.0,12.0,6.0,10.0,13.0,11.0,4.0,5.0,2.0,1.0,0.0,0.0,2
362,2010-01-05,Tottenham,Bolton,1.0,0.0,H,1.0,0.0,H,C Foy,25.0,11.0,12.0,7.0,11.0,10.0,11.0,7.0,0.0,3.0,0.0,0.0,2
364,2010-02-05,Liverpool,Chelsea,0.0,2.0,A,0.0,1.0,A,A Wiley,7.0,15.0,2.0,11.0,7.0,7.0,9.0,5.0,1.0,2.0,0.0,0.0,2
369,2010-05-05,Man City,Tottenham,0.0,1.0,A,0.0,0.0,D,S Bennett,10.0,10.0,5.0,6.0,12.0,14.0,9.0,7.0,0.0,3.0,0.0,0.0,2
373,2010-09-05,Burnley,Tottenham,4.0,2.0,H,1.0,2.0,A,M Dean,16.0,16.0,12.0,11.0,9.0,8.0,5.0,6.0,0.0,0.0,0.0,0.0,2
376,2010-09-05,Hull,Liverpool,0.0,0.0,D,0.0,0.0,D,A Marriner,11.0,19.0,6.0,7.0,15.0,11.0,2.0,6.0,1.0,0.0,0.0,0.0,2
5,2010-08-14,Tottenham,Man City,0.0,0.0,D,0.0,0.0,D,A Marriner,22.0,11.0,18.0,7.0,13.0,16.0,10.0,3.0,0.0,2.0,0.0,0.0,3
8,2010-08-15,Liverpool,Arsenal,1.0,1.0,D,0.0,0.0,D,M Atkinson,7.0,14.0,4.0,7.0,13.0,15.0,9.0,11.0,1.0,3.0,1.0,1.0,3
13,2010-08-21,Stoke,Tottenham,1.0,2.0,A,1.0,2.0,A,C Foy,15.0,7.0,10.0,6.0,15.0,4.0,6.0,2.0,3.0,1.0,0.0,0.0,3
19,2010-08-23,Man City,Liverpool,3.0,0.0,H,1.0,0.0,H,P Dowd,8.0,13.0,3.0,7.0,13.0,12.0,5.0,4.0,1.0,1.0,0.0,0.0,3
24,2010-08-28,Tottenham,Wigan,0.0,1.0,A,0.0,0.0,D,P Dowd,12.0,13.0,7.0,5.0,10.0,11.0,16.0,7.0,3.0,2.0,0.0,0.0,3
28,2010-08-29,Liverpool,West Brom,1.0,0.0,H,0.0,0.0,D,L Probert,11.0,14.0,7.0,5.0,9.0,8.0,7.0,6.0,0.0,0.0,0.0,1.0,3
35,2010-11-09,West Brom,Tottenham,1.0,1.0,D,1.0,1.0,D,H Webb,15.0,16.0,8.0,9.0,12.0,9.0,9.0,4.0,2.0,1.0,0.0,0.0,3
38,2010-12-09,Birmingham,Liverpool,0.0,0.0,D,0.0,0.0,D,M Halsey,15.0,14.0,3.0,8.0,8.0,9.0,4.0,3.0,1.0,0.0,0.0,0.0,3
45,2010-09-18,Tottenham,Wolves,3.0,1.0,H,0.0,1.0,A,M Jones,20.0,5.0,11.0,2.0,7.0,11.0,5.0,4.0,3.0,3.0,0.0,0.0,3
48,2010-09-19,Man United,Liverpool,3.0,2.0,H,1.0,0.0,H,H Webb,16.0,7.0,7.0,1.0,15.0,10.0,6.0,1.0,4.0,1.0,0.0,0.0,3
54,2010-09-25,Liverpool,Sunderland,2.0,2.0,D,1.0,1.0,D,S Attwell,13.0,10.0,5.0,1.0,15.0,7.0,3.0,3.0,3.0,1.0,0.0,0.0,3
56,2010-09-25,West Ham,Tottenham,1.0,0.0,H,1.0,0.0,H,M Atkinson,22.0,17.0,15.0,11.0,10.0,11.0,14.0,7.0,2.0,0.0,0.0,0.0,3
63,2010-02-10,Tottenham,Aston Villa,2.0,1.0,H,1.0,1.0,D,M Clattenburg,19.0,13.0,10.0,4.0,12.0,19.0,10.0,4.0,1.0,3.0,0.0,0.0,3
68,2010-03-10,Liverpool,Blackpool,1.0,2.0,A,0.0,2.0,A,M Jones,19.0,11.0,10.0,7.0,11.0,10.0,5.0,2.0,2.0,1.0,0.0,0.0,3
73,2010-10-16,Fulham,Tottenham,1.0,2.0,A,1.0,1.0,D,M Dean,11.0,14.0,5.0,6.0,9.0,10.0,4.0,11.0,1.0,1.0,0.0,0.0,3
78,2010-10-17,Everton,Liverpool,2.0,0.0,H,1.0,0.0,H,H Webb,9.0,15.0,6.0,9.0,10.0,9.0,8.0,7.0,2.0,2.0,0.0,0.0,3
83,2010-10-23,Tottenham,Everton,1.0,1.0,D,1.0,1.0,D,M Jones,13.0,7.0,8.0,3.0,15.0,14.0,4.0,4.0,3.0,1.0,0.0,0.0,3
87,2010-10-24,Liverpool,Blackburn,2.0,1.0,H,0.0,0.0,D,P Dowd,17.0,4.0,10.0,2.0,17.0,12.0,15.0,4.0,2.0,3.0,0.0,0.0,3
94,2010-10-30,Man United,Tottenham,2.0,0.0,H,1.0,0.0,H,M Clattenburg,18.0,11.0,10.0,5.0,12.0,10.0,1.0,4.0,0.0,3.0,0.0,0.0,3
97,2010-10-31,Bolton,Liverpool,0.0,1.0,A,0.0,0.0,D,M Atkinson,14.0,10.0,10.0,4.0,15.0,13.0,1.0,4.0,2.0,2.0,0.0,0.0,3
103,2010-06-11,Bolton,Tottenham,4.0,2.0,H,1.0,0.0,H,C Foy,18.0,11.0,8.0,6.0,13.0,9.0,7.0,6.0,1.0,0.0,0.0,0.0,3
108,2010-07-11,Liverpool,Chelsea,2.0,0.0,H,2.0,0.0,H,H Webb,9.0,11.0,7.0,7.0,15.0,17.0,2.0,5.0,0.0,2.0,0.0,0.0,3
111,2010-09-11,Tottenham,Sunderland,1.0,1.0,D,0.0,0.0,D,H Webb,20.0,8.0,12.0,4.0,6.0,15.0,17.0,3.0,2.0,1.0,0.0,0.0,3
118,2010-10-11,Wigan,Liverpool,1.0,1.0,D,0.0,1.0,A,P Walton,10.0,8.0,8.0,3.0,7.0,10.0,5.0,4.0,0.0,2.0,0.0,0.0,3
123,2010-11-13,Stoke,Liverpool,2.0,0.0,H,0.0,0.0,D,M Halsey,14.0,10.0,7.0,6.0,14.0,10.0,4.0,3.0,2.0,3.0,0.0,1.0,3
124,2010-11-13,Tottenham,Blackburn,4.0,2.0,H,2.0,0.0,H,A Marriner,20.0,12.0,12.0,8.0,11.0,11.0,12.0,6.0,2.0,2.0,0.0,0.0,3
130,2010-11-20,Arsenal,Tottenham,2.0,3.0,A,2.0,0.0,H,P Dowd,12.0,10.0,7.0,6.0,17.0,16.0,2.0,6.0,3.0,1.0,0.0,0.0,3
134,2010-11-20,Liverpool,West Ham,3.0,0.0,H,3.0,0.0,H,L Probert,19.0,6.0,11.0,1.0,8.0,8.0,10.0,2.0,0.0,1.0,0.0,0.0,3
149,2010-11-28,Tottenham,Liverpool,2.0,1.0,H,0.0,1.0,A,M Atkinson,20.0,12.0,13.0,8.0,6.0,16.0,5.0,8.0,0.0,5.0,0.0,0.0,3
151,2010-04-12,Birmingham,Tottenham,1.0,1.0,D,0.0,1.0,A,K Friend,13.0,10.0,5.0,5.0,14.0,7.0,6.0,11.0,1.0,1.0,0.0,0.0,3
158,2010-06-12,Liverpool,Aston Villa,3.0,0.0,H,2.0,0.0,H,P Dowd,12.0,5.0,7.0,2.0,12.0,13.0,4.0,3.0,0.0,1.0,0.0,0.0,3
162,2010-11-12,Newcastle,Liverpool,3.0,1.0,H,1.0,0.0,H,L Mason,8.0,16.0,5.0,7.0,19.0,13.0,2.0,5.0,2.0,1.0,0.0,0.0,3
166,2010-12-12,Tottenham,Chelsea,1.0,1.0,D,1.0,0.0,H,M Dean,10.0,13.0,3.0,7.0,9.0,13.0,1.0,7.0,2.0,2.0,0.0,0.0,3
172,2010-12-26,Aston Villa,Tottenham,1.0,2.0,A,0.0,1.0,A,M Atkinson,26.0,13.0,15.0,8.0,13.0,11.0,8.0,4.0,3.0,3.0,0.0,1.0,3
184,2010-12-28,Tottenham,Newcastle,2.0,0.0,H,0.0,0.0,D,A Taylor,13.0,12.0,8.0,8.0,9.0,16.0,9.0,7.0,2.0,4.0,1.0,0.0,3
188,2010-12-29,Liverpool,Wolves,0.0,1.0,A,0.0,0.0,D,P Walton,9.0,7.0,5.0,3.0,8.0,11.0,2.0,8.0,1.0,1.0,0.0,0.0,3
191,2011-01-01,Liverpool,Bolton,2.0,1.0,H,0.0,1.0,A,K Friend,16.0,10.0,7.0,4.0,11.0,16.0,7.0,4.0,2.0,2.0,0.0,0.0,3
195,2011-01-01,Tottenham,Fulham,1.0,0.0,H,1.0,0.0,H,M Jones,13.0,12.0,9.0,4.0,11.0,9.0,5.0,1.0,2.0,1.0,0.0,0.0,3
205,2011-05-01,Blackburn,Liverpool,3.0,1.0,H,2.0,0.0,H,A Marriner,10.0,13.0,4.0,9.0,14.0,13.0,0.0,7.0,1.0,1.0,0.0,0.0,3
207,2011-05-01,Everton,Tottenham,2.0,1.0,H,1.0,1.0,D,L Probert,19.0,13.0,12.0,5.0,16.0,12.0,4.0,3.0,1.0,0.0,0.0,0.0,3
210,2011-12-01,Blackpool,Liverpool,2.0,1.0,H,1.0,1.0,D,M Oliver,13.0,10.0,9.0,6.0,6.0,13.0,3.0,3.0,1.0,3.0,0.0,0.0,3
218,2011-01-16,Liverpool,Everton,2.0,2.0,D,1.0,0.0,H,P Dowd,19.0,10.0,14.0,5.0,16.0,17.0,10.0,6.0,3.0,0.0,0.0,0.0,3
220,2011-01-16,Tottenham,Man United,0.0,0.0,D,0.0,0.0,D,M Dean,16.0,7.0,6.0,4.0,9.0,18.0,8.0,2.0,2.0,4.0,0.0,1.0,3
227,2011-01-22,Newcastle,Tottenham,1.0,1.0,D,0.0,0.0,D,M Halsey,13.0,14.0,6.0,9.0,13.0,7.0,1.0,4.0,0.0,0.0,0.0,0.0,3
228,2011-01-22,Wolves,Liverpool,0.0,3.0,A,0.0,1.0,A,M Atkinson,11.0,15.0,4.0,10.0,6.0,17.0,5.0,4.0,0.0,3.0,0.0,0.0,3
233,2011-01-26,Liverpool,Fulham,1.0,0.0,H,0.0,0.0,D,L Probert,11.0,12.0,7.0,8.0,11.0,10.0,6.0,2.0,0.0,0.0,0.0,0.0,3
239,2011-02-02,Blackburn,Tottenham,0.0,1.0,A,0.0,1.0,A,A Marriner,17.0,6.0,9.0,5.0,14.0,11.0,4.0,4.0,2.0,1.0,0.0,0.0,3
243,2011-02-02,Liverpool,Stoke,2.0,0.0,H,0.0,0.0,D,A Taylor,13.0,6.0,9.0,1.0,6.0,8.0,7.0,0.0,1.0,4.0,0.0,0.0,3
249,2011-05-02,Tottenham,Bolton,2.0,1.0,H,1.0,0.0,H,M Clattenburg,13.0,8.0,7.0,3.0,13.0,11.0,6.0,7.0,1.0,3.0,0.0,0.0,3
252,2011-06-02,Chelsea,Liverpool,0.0,1.0,A,0.0,0.0,D,A Marriner,14.0,7.0,4.0,4.0,9.0,9.0,4.0,3.0,1.0,1.0,0.0,0.0,3
258,2011-12-02,Liverpool,Wigan,1.0,1.0,D,1.0,0.0,H,K Friend,13.0,8.0,5.0,2.0,11.0,17.0,8.0,5.0,1.0,3.0,0.0,0.0,3
260,2011-12-02,Sunderland,Tottenham,1.0,2.0,A,1.0,1.0,D,M Jones,16.0,11.0,10.0,5.0,14.0,12.0,2.0,3.0,2.0,4.0,0.0,0.0,3
266,2011-02-22,Blackpool,Tottenham,3.0,1.0,H,2.0,0.0,H,C Foy,8.0,25.0,4.0,10.0,11.0,8.0,1.0,7.0,2.0,0.0,0.0,0.0,3
274,2011-02-27,West Ham,Liverpool,3.0,1.0,H,2.0,0.0,H,M Halsey,17.0,12.0,11.0,8.0,10.0,8.0,6.0,8.0,0.0,1.0,0.0,0.0,3
284,2011-06-03,Liverpool,Man United,3.0,1.0,H,2.0,0.0,H,P Dowd,17.0,12.0,10.0,7.0,12.0,12.0,6.0,4.0,2.0,3.0,0.0,0.0,3
285,2011-06-03,Wolves,Tottenham,3.0,3.0,D,2.0,2.0,D,M Halsey,13.0,15.0,4.0,10.0,10.0,11.0,7.0,4.0,0.0,3.0,0.0,0.0,3
293,2011-03-19,Tottenham,West Ham,0.0,0.0,D,0.0,0.0,D,M Dean,26.0,11.0,14.0,5.0,6.0,13.0,6.0,2.0,0.0,4.0,0.0,0.0,3
297,2011-03-20,Sunderland,Liverpool,0.0,2.0,A,0.0,1.0,A,K Friend,3.0,10.0,1.0,4.0,11.0,7.0,3.0,6.0,3.0,3.0,1.0,0.0,3
303,2011-02-04,West Brom,Liverpool,2.0,1.0,H,0.0,0.0,D,M Atkinson,17.0,13.0,14.0,9.0,10.0,15.0,0.0,5.0,2.0,3.0,0.0,0.0,3
305,2011-02-04,Wigan,Tottenham,0.0,0.0,D,0.0,0.0,D,A Marriner,14.0,10.0,5.0,6.0,11.0,13.0,8.0,2.0,1.0,1.0,0.0,0.0,3
313,2011-09-04,Tottenham,Stoke,3.0,2.0,H,3.0,2.0,H,K Friend,9.0,10.0,8.0,5.0,11.0,16.0,10.0,5.0,1.0,3.0,0.0,0.0,3
317,2011-11-04,Liverpool,Man City,3.0,0.0,H,3.0,0.0,H,M Halsey,15.0,13.0,7.0,4.0,6.0,3.0,6.0,2.0,1.0,0.0,0.0,0.0,3
323,2011-04-17,Arsenal,Liverpool,1.0,1.0,D,0.0,0.0,D,A Marriner,12.0,9.0,6.0,5.0,13.0,13.0,10.0,3.0,2.0,4.0,0.0,0.0,3
326,2011-04-20,Tottenham,Arsenal,3.0,3.0,D,2.0,3.0,A,M Atkinson,16.0,13.0,9.0,9.0,8.0,13.0,7.0,6.0,0.0,3.0,0.0,0.0,3
330,2011-04-23,Liverpool,Birmingham,5.0,0.0,H,2.0,0.0,H,H Webb,17.0,10.0,13.0,6.0,7.0,12.0,5.0,2.0,1.0,0.0,0.0,0.0,3
333,2011-04-23,Tottenham,West Brom,2.0,2.0,D,1.0,1.0,D,S Attwell,19.0,10.0,9.0,4.0,8.0,9.0,11.0,1.0,1.0,1.0,0.0,0.0,3
341,2011-04-30,Chelsea,Tottenham,2.0,1.0,H,1.0,1.0,D,A Marriner,16.0,12.0,10.0,7.0,11.0,11.0,6.0,5.0,3.0,1.0,0.0,0.0,3
347,2011-01-05,Liverpool,Newcastle,3.0,0.0,H,1.0,0.0,H,P Walton,9.0,7.0,5.0,3.0,15.0,10.0,3.0,12.0,1.0,2.0,0.0,0.0,3
353,2011-07-05,Tottenham,Blackpool,1.0,1.0,D,0.0,0.0,D,L Probert,20.0,13.0,11.0,7.0,5.0,13.0,7.0,6.0,3.0,2.0,0.0,0.0,3
358,2011-09-05,Fulham,Liverpool,2.0,5.0,A,0.0,3.0,A,L Mason,10.0,16.0,7.0,11.0,18.0,11.0,6.0,5.0,5.0,2.0,0.0,0.0,3
359,2011-10-05,Man City,Tottenham,1.0,0.0,H,1.0,0.0,H,M Dean,7.0,14.0,4.0,7.0,7.0,8.0,2.0,8.0,1.0,1.0,0.0,0.0,3
367,2011-05-15,Liverpool,Tottenham,0.0,2.0,A,0.0,1.0,A,H Webb,10.0,8.0,2.0,4.0,13.0,7.0,11.0,5.0,2.0,1.0,0.0,0.0,3
370,2011-05-22,Aston Villa,Liverpool,1.0,0.0,H,1.0,0.0,H,L Probert,10.0,9.0,8.0,4.0,12.0,12.0,4.0,5.0,2.0,2.0,0.0,0.0,3
377,2011-05-22,Tottenham,Birmingham,2.0,1.0,H,0.0,0.0,D,M Clattenburg,22.0,7.0,16.0,3.0,5.0,15.0,7.0,5.0,0.0,3.0,0.0,0.0,3
2,2011-08-13,Liverpool,Sunderland,1.0,1.0,D,1.0,0.0,H,P Dowd,11.0,15.0,4.0,6.0,17.0,12.0,6.0,3.0,4.0,4.0,0.0,0.0,4
9,2011-08-20,Arsenal,Liverpool,0.0,2.0,A,0.0,0.0,D,M Atkinson,10.0,13.0,6.0,8.0,11.0,6.0,9.0,5.0,2.0,2.0,1.0,0.0,4
18,2011-08-22,Man United,Tottenham,3.0,0.0,H,0.0,0.0,D,L Probert,27.0,20.0,21.0,12.0,12.0,9.0,11.0,3.0,1.0,2.0,0.0,0.0,4
22,2011-08-27,Liverpool,Bolton,3.0,1.0,H,1.0,0.0,H,L Probert,17.0,7.0,9.0,4.0,5.0,7.0,12.0,6.0,0.0,2.0,0.0,0.0,4
27,2011-08-28,Tottenham,Man City,1.0,5.0,A,0.0,2.0,A,P Dowd,15.0,22.0,10.0,12.0,11.0,9.0,10.0,5.0,2.0,4.0,0.0,0.0,4
33,2011-10-09,Stoke,Liverpool,1.0,0.0,H,1.0,0.0,H,M Clattenburg,3.0,20.0,1.0,11.0,12.0,13.0,2.0,12.0,0.0,1.0,0.0,0.0,4
35,2011-10-09,Wolves,Tottenham,0.0,2.0,A,0.0,0.0,D,P Walton,10.0,17.0,6.0,11.0,5.0,12.0,4.0,10.0,3.0,2.0,0.0,0.0,4
48,2011-09-18,Tottenham,Liverpool,4.0,0.0,H,1.0,0.0,H,M Jones,24.0,5.0,16.0,2.0,10.0,9.0,4.0,1.0,1.0,4.0,0.0,2.0,4
51,2011-09-24,Liverpool,Wolves,2.0,1.0,H,2.0,0.0,H,K Friend,14.0,11.0,6.0,6.0,15.0,6.0,7.0,2.0,3.0,4.0,0.0,0.0,4
56,2011-09-24,Wigan,Tottenham,1.0,2.0,A,0.0,2.0,A,J Moss,5.0,14.0,4.0,7.0,13.0,6.0,1.0,9.0,3.0,1.0,1.0,0.0,4
61,2011-01-10,Everton,Liverpool,0.0,2.0,A,0.0,0.0,D,M Atkinson,12.0,15.0,4.0,9.0,15.0,9.0,5.0,9.0,1.0,1.0,1.0,0.0,4
68,2011-02-10,Tottenham,Arsenal,2.0,1.0,H,1.0,0.0,H,M Dean,16.0,13.0,8.0,7.0,11.0,8.0,9.0,7.0,2.0,1.0,0.0,0.0,4
70,2011-10-15,Liverpool,Man United,1.0,1.0,D,0.0,0.0,D,A Marriner,14.0,10.0,8.0,3.0,8.0,11.0,8.0,3.0,1.0,3.0,0.0,0.0,4
77,2011-10-16,Newcastle,Tottenham,2.0,2.0,D,0.0,1.0,A,L Probert,12.0,11.0,7.0,8.0,11.0,15.0,5.0,2.0,1.0,2.0,0.0,0.0,4
81,2011-10-22,Liverpool,Norwich,1.0,1.0,D,1.0,0.0,H,P Walton,25.0,12.0,15.0,10.0,6.0,8.0,10.0,3.0,0.0,1.0,0.0,0.0,4
85,2011-10-23,Blackburn,Tottenham,1.0,2.0,A,1.0,1.0,D,S Attwell,19.0,9.0,8.0,7.0,19.0,7.0,8.0,5.0,4.0,1.0,0.0,0.0,4
95,2011-10-29,West Brom,Liverpool,0.0,2.0,A,0.0,2.0,A,L Mason,10.0,17.0,6.0,7.0,12.0,9.0,3.0,10.0,1.0,0.0,0.0,0.0,4
97,2011-10-30,Tottenham,QPR,3.0,1.0,H,2.0,0.0,H,H Webb,22.0,12.0,13.0,8.0,12.0,14.0,4.0,8.0,0.0,0.0,0.0,0.0,4
102,2011-05-11,Liverpool,Swansea,0.0,0.0,D,0.0,0.0,D,P Dowd,18.0,9.0,10.0,3.0,13.0,5.0,11.0,4.0,2.0,1.0,0.0,0.0,4
107,2011-06-11,Fulham,Tottenham,1.0,3.0,A,0.0,2.0,A,P Walton,26.0,8.0,20.0,8.0,5.0,9.0,11.0,1.0,0.0,1.0,0.0,0.0,4
117,2011-11-20,Chelsea,Liverpool,1.0,2.0,A,0.0,1.0,A,L Probert,18.0,9.0,5.0,3.0,13.0,11.0,6.0,5.0,3.0,2.0,0.0,0.0,4
118,2011-11-21,Tottenham,Aston Villa,2.0,0.0,H,2.0,0.0,H,M Halsey,20.0,5.0,9.0,1.0,4.0,5.0,11.0,3.0,0.0,2.0,0.0,0.0,4
126,2011-11-26,West Brom,Tottenham,1.0,3.0,A,1.0,1.0,D,L Probert,9.0,23.0,5.0,14.0,11.0,13.0,1.0,10.0,2.0,1.0,0.0,0.0,4
127,2011-11-27,Liverpool,Man City,1.0,1.0,D,1.0,1.0,D,M Atkinson,17.0,7.0,9.0,3.0,11.0,13.0,8.0,5.0,1.0,4.0,0.0,1.0,4
134,2011-03-12,Tottenham,Bolton,3.0,0.0,H,1.0,0.0,H,S Attwell,25.0,13.0,16.0,9.0,10.0,5.0,7.0,6.0,0.0,2.0,0.0,1.0,4
138,2011-05-12,Fulham,Liverpool,1.0,0.0,H,0.0,0.0,D,K Friend,19.0,17.0,13.0,9.0,12.0,9.0,2.0,10.0,3.0,1.0,0.0,1.0,4
141,2011-10-12,Liverpool,QPR,1.0,0.0,H,0.0,0.0,D,L Mason,21.0,6.0,15.0,2.0,12.0,5.0,17.0,5.0,2.0,0.0,0.0,0.0,4
146,2011-11-12,Stoke,Tottenham,2.0,1.0,H,2.0,0.0,H,C Foy,10.0,15.0,7.0,12.0,8.0,7.0,7.0,12.0,2.0,2.0,0.0,1.0,4
155,2011-12-18,Aston Villa,Liverpool,0.0,2.0,A,0.0,2.0,A,P Walton,16.0,19.0,8.0,12.0,5.0,14.0,4.0,10.0,1.0,2.0,0.0,0.0,4
158,2011-12-18,Tottenham,Sunderland,1.0,0.0,H,0.0,0.0,D,M Dean,16.0,8.0,12.0,4.0,6.0,8.0,6.0,0.0,1.0,2.0,0.0,0.0,4
167,2011-12-21,Wigan,Liverpool,0.0,0.0,D,0.0,0.0,D,M Oliver,15.0,18.0,10.0,10.0,16.0,12.0,7.0,14.0,1.0,2.0,0.0,0.0,4
168,2011-12-22,Tottenham,Chelsea,1.0,1.0,D,1.0,1.0,D,H Webb,16.0,20.0,10.0,10.0,14.0,8.0,7.0,4.0,2.0,2.0,0.0,0.0,4
171,2011-12-26,Liverpool,Blackburn,1.0,1.0,D,0.0,1.0,A,M Jones,28.0,5.0,13.0,2.0,5.0,15.0,9.0,2.0,1.0,0.0,0.0,0.0,4
177,2011-12-27,Norwich,Tottenham,0.0,2.0,A,0.0,0.0,D,M Oliver,8.0,19.0,4.0,8.0,7.0,6.0,3.0,10.0,1.0,1.0,0.0,0.0,4
179,2011-12-30,Liverpool,Newcastle,3.0,1.0,H,1.0,1.0,D,L Probert,15.0,5.0,7.0,2.0,7.0,11.0,7.0,0.0,0.0,2.0,0.0,0.0,4
186,2011-12-31,Swansea,Tottenham,1.0,1.0,D,0.0,1.0,A,P Dowd,14.0,12.0,8.0,7.0,8.0,4.0,10.0,5.0,1.0,2.0,0.0,0.0,4
194,2012-03-01,Man City,Liverpool,3.0,0.0,H,2.0,0.0,H,M Jones,10.0,18.0,8.0,10.0,13.0,7.0,5.0,6.0,1.0,2.0,1.0,0.0,4
195,2012-03-01,Tottenham,West Brom,1.0,0.0,H,0.0,0.0,D,M Halsey,20.0,8.0,14.0,2.0,3.0,14.0,14.0,7.0,0.0,5.0,0.0,0.0,4
199,2012-11-01,Tottenham,Everton,2.0,0.0,H,1.0,0.0,H,M Atkinson,14.0,11.0,7.0,4.0,5.0,15.0,6.0,4.0,1.0,3.0,0.0,0.0,4
203,2012-01-14,Liverpool,Stoke,0.0,0.0,D,0.0,0.0,D,H Webb,13.0,3.0,5.0,1.0,6.0,11.0,11.0,1.0,0.0,3.0,0.0,0.0,4
205,2012-01-14,Tottenham,Wolves,1.0,1.0,D,0.0,1.0,A,M Jones,22.0,5.0,10.0,3.0,6.0,12.0,8.0,1.0,1.0,3.0,0.0,0.0,4
210,2012-01-21,Bolton,Liverpool,3.0,1.0,H,2.0,1.0,H,K Friend,15.0,11.0,8.0,8.0,10.0,13.0,5.0,5.0,0.0,2.0,0.0,0.0,4
219,2012-01-22,Man City,Tottenham,3.0,2.0,H,0.0,0.0,D,H Webb,13.0,12.0,7.0,7.0,7.0,10.0,9.0,4.0,2.0,1.0,0.0,0.0,4
223,2012-01-31,Tottenham,Wigan,3.0,1.0,H,2.0,0.0,H,L Probert,20.0,10.0,13.0,6.0,7.0,7.0,5.0,0.0,0.0,1.0,0.0,0.0,4
224,2012-01-31,Wolves,Liverpool,0.0,3.0,A,0.0,0.0,D,A Taylor,5.0,23.0,1.0,14.0,6.0,8.0,5.0,4.0,1.0,3.0,0.0,0.0,4
239,2012-06-02,Liverpool,Tottenham,0.0,0.0,D,0.0,0.0,D,M Oliver,15.0,9.0,10.0,6.0,6.0,11.0,7.0,4.0,2.0,2.0,0.0,0.0,4
244,2012-11-02,Man United,Liverpool,2.0,1.0,H,0.0,0.0,D,P Dowd,11.0,9.0,6.0,6.0,10.0,11.0,4.0,3.0,1.0,1.0,0.0,0.0,4
247,2012-11-02,Tottenham,Newcastle,5.0,0.0,H,4.0,0.0,H,A Marriner,18.0,7.0,9.0,3.0,7.0,9.0,4.0,3.0,2.0,1.0,0.0,0.0,4
256,2012-02-26,Arsenal,Tottenham,5.0,2.0,H,2.0,2.0,D,M Dean,21.0,8.0,13.0,4.0,15.0,12.0,7.0,5.0,3.0,3.0,0.0,1.0,4
260,2012-03-03,Liverpool,Arsenal,1.0,2.0,A,1.0,1.0,D,M Halsey,12.0,10.0,4.0,7.0,11.0,9.0,12.0,0.0,0.0,1.0,0.0,0.0,4
268,2012-04-03,Tottenham,Man United,1.0,3.0,A,0.0,1.0,A,M Atkinson,18.0,6.0,9.0,5.0,8.0,10.0,7.0,3.0,1.0,2.0,0.0,0.0,4
272,2012-10-03,Everton,Tottenham,1.0,0.0,H,1.0,0.0,H,M Halsey,9.0,21.0,5.0,9.0,13.0,11.0,0.0,8.0,2.0,2.0,0.0,0.0,4
273,2012-10-03,Sunderland,Liverpool,1.0,0.0,H,0.0,0.0,D,A Taylor,6.0,9.0,1.0,5.0,13.0,15.0,3.0,2.0,1.0,1.0,0.0,0.0,4
279,2012-03-13,Liverpool,Everton,3.0,0.0,H,1.0,0.0,H,P Dowd,15.0,5.0,10.0,3.0,6.0,7.0,4.0,4.0,1.0,4.0,0.0,0.0,4
287,2012-03-21,QPR,Liverpool,3.0,2.0,H,0.0,0.0,D,H Webb,10.0,18.0,5.0,11.0,8.0,6.0,7.0,17.0,0.0,0.0,0.0,0.0,4
288,2012-03-21,Tottenham,Stoke,1.0,1.0,D,0.0,0.0,D,M Jones,24.0,8.0,18.0,2.0,10.0,10.0,13.0,1.0,1.0,1.0,0.0,0.0,4
291,2012-03-24,Chelsea,Tottenham,0.0,0.0,D,0.0,0.0,D,M Atkinson,10.0,19.0,5.0,7.0,9.0,11.0,6.0,5.0,1.0,2.0,0.0,0.0,4
292,2012-03-24,Liverpool,Wigan,1.0,2.0,A,0.0,1.0,A,L Mason,12.0,6.0,9.0,5.0,14.0,10.0,6.0,0.0,1.0,2.0,0.0,0.0,4
306,2012-01-04,Newcastle,Liverpool,2.0,0.0,H,1.0,0.0,H,M Atkinson,11.0,9.0,7.0,6.0,10.0,11.0,3.0,6.0,3.0,3.0,0.0,1.0,4
307,2012-01-04,Tottenham,Swansea,3.0,1.0,H,1.0,0.0,H,A Marriner,15.0,11.0,10.0,7.0,11.0,12.0,7.0,7.0,0.0,0.0,0.0,0.0,4
312,2012-07-04,Liverpool,Aston Villa,1.0,1.0,D,0.0,1.0,A,M Oliver,21.0,5.0,5.0,3.0,4.0,9.0,11.0,3.0,1.0,1.0,0.0,0.0,4
315,2012-07-04,Sunderland,Tottenham,0.0,0.0,D,0.0,0.0,D,C Foy,12.0,15.0,9.0,8.0,12.0,10.0,11.0,4.0,2.0,2.0,0.0,0.0,4
323,2012-09-04,Tottenham,Norwich,1.0,2.0,A,1.0,1.0,D,M Oliver,13.0,12.0,9.0,6.0,12.0,12.0,10.0,3.0,1.0,2.0,0.0,0.0,4
324,2012-10-04,Blackburn,Liverpool,2.0,3.0,A,1.0,2.0,A,A Taylor,10.0,16.0,4.0,12.0,16.0,12.0,4.0,4.0,4.0,5.0,0.0,1.0,4
341,2012-04-21,QPR,Tottenham,1.0,0.0,H,1.0,0.0,H,M Clattenburg,12.0,17.0,5.0,8.0,13.0,10.0,4.0,13.0,4.0,0.0,1.0,0.0,4
342,2012-04-22,Liverpool,West Brom,0.0,1.0,A,0.0,0.0,D,N Swarbrick,28.0,9.0,12.0,4.0,10.0,8.0,15.0,3.0,2.0,0.0,0.0,0.0,4
347,2012-04-28,Norwich,Liverpool,0.0,3.0,A,0.0,2.0,A,M Halsey,8.0,15.0,3.0,9.0,9.0,4.0,5.0,7.0,4.0,0.0,0.0,0.0,4
354,2012-04-29,Tottenham,Blackburn,2.0,0.0,H,1.0,0.0,H,M Jones,19.0,0.0,8.0,0.0,5.0,14.0,6.0,1.0,0.0,0.0,0.0,0.0,4
356,2012-01-05,Liverpool,Fulham,0.0,1.0,A,0.0,1.0,A,L Probert,18.0,7.0,5.0,4.0,11.0,7.0,5.0,4.0,0.0,0.0,0.0,0.0,4
358,2012-02-05,Bolton,Tottenham,1.0,4.0,A,0.0,1.0,A,M Dean,14.0,13.0,8.0,10.0,6.0,9.0,4.0,7.0,2.0,1.0,0.0,0.0,4
361,2012-06-05,Aston Villa,Tottenham,1.0,1.0,D,1.0,0.0,H,L Probert,4.0,21.0,2.0,10.0,10.0,8.0,4.0,19.0,1.0,2.0,0.0,1.0,4
369,2012-08-05,Liverpool,Chelsea,4.0,1.0,H,3.0,0.0,H,K Friend,23.0,9.0,13.0,5.0,15.0,13.0,7.0,4.0,2.0,4.0,0.0,0.0,4
376,2012-05-13,Swansea,Liverpool,1.0,0.0,H,0.0,0.0,D,M Halsey,13.0,14.0,8.0,9.0,5.0,5.0,6.0,5.0,1.0,1.0,0.0,0.0,4
377,2012-05-13,Tottenham,Fulham,2.0,0.0,H,1.0,0.0,H,P Dowd,15.0,10.0,9.0,7.0,8.0,12.0,9.0,3.0,0.0,2.0,0.0,0.0,4
2,2012-08-18,Newcastle,Tottenham,2.0,1.0,H,0.0,0.0,D,M Atkinson,6.0,12.0,4.0,6.0,12.0,8.0,3.0,5.0,2.0,2.0,0.0,0.0,5
5,2012-08-18,West Brom,Liverpool,3.0,0.0,H,1.0,0.0,H,P Dowd,15.0,14.0,10.0,7.0,10.0,11.0,7.0,3.0,1.0,4.0,0.0,1.0,5
17,2012-08-25,Tottenham,West Brom,1.0,1.0,D,0.0,0.0,D,M Dean,18.0,10.0,10.0,5.0,8.0,7.0,7.0,5.0,1.0,2.0,0.0,0.0,5
18,2012-08-26,Liverpool,Man City,2.0,2.0,D,1.0,0.0,H,A Marriner,15.0,11.0,8.0,5.0,10.0,7.0,4.0,4.0,1.0,0.0,0.0,0.0,5
22,2012-01-09,Tottenham,Norwich,1.0,1.0,D,0.0,0.0,D,M Halsey,15.0,10.0,9.0,4.0,7.0,12.0,4.0,2.0,1.0,0.0,1.0,0.0,5
26,2012-02-09,Liverpool,Arsenal,0.0,2.0,A,0.0,1.0,A,H Webb,17.0,11.0,8.0,7.0,12.0,7.0,10.0,2.0,2.0,2.0,0.0,0.0,5
36,2012-09-15,Sunderland,Liverpool,1.0,1.0,D,1.0,0.0,H,M Atkinson,6.0,20.0,4.0,9.0,18.0,10.0,2.0,7.0,1.0,2.0,0.0,0.0,5
37,2012-09-16,Reading,Tottenham,1.0,3.0,A,0.0,1.0,A,H Webb,4.0,22.0,2.0,11.0,4.0,9.0,7.0,4.0,0.0,1.0,0.0,0.0,5
45,2012-09-23,Liverpool,Man United,1.0,2.0,A,0.0,0.0,D,M Halsey,13.0,8.0,8.0,4.0,14.0,7.0,7.0,3.0,1.0,2.0,1.0,0.0,5
48,2012-09-23,Tottenham,QPR,2.0,1.0,H,0.0,1.0,A,P Dowd,18.0,9.0,14.0,6.0,7.0,12.0,10.0,9.0,0.0,2.0,0.0,0.0,5
52,2012-09-29,Man United,Tottenham,2.0,3.0,A,0.0,2.0,A,C Foy,15.0,10.0,8.0,6.0,5.0,7.0,9.0,5.0,0.0,0.0,0.0,0.0,5
53,2012-09-29,Norwich,Liverpool,2.0,5.0,A,0.0,2.0,A,M Jones,10.0,10.0,7.0,6.0,5.0,2.0,5.0,5.0,1.0,0.0,0.0,0.0,5
65,2012-07-10,Liverpool,Stoke,0.0,0.0,D,0.0,0.0,D,L Mason,16.0,5.0,5.0,3.0,9.0,16.0,5.0,5.0,0.0,6.0,0.0,0.0,5
68,2012-07-10,Tottenham,Aston Villa,2.0,0.0,H,0.0,0.0,D,N Swarbrick,23.0,8.0,10.0,5.0,7.0,10.0,8.0,0.0,1.0,3.0,0.0,0.0,5
70,2012-10-20,Liverpool,Reading,1.0,0.0,H,1.0,0.0,H,R East,23.0,8.0,13.0,5.0,13.0,6.0,6.0,5.0,1.0,1.0,0.0,0.0,5
74,2012-10-20,Tottenham,Chelsea,2.0,4.0,A,0.0,1.0,A,M Dean,23.0,11.0,16.0,7.0,7.0,8.0,7.0,4.0,3.0,2.0,0.0,0.0,5
86,2012-10-28,Everton,Liverpool,2.0,2.0,D,2.0,2.0,D,A Marriner,17.0,12.0,8.0,5.0,16.0,18.0,9.0,5.0,4.0,3.0,0.0,0.0,5
88,2012-10-28,Southampton,Tottenham,1.0,2.0,A,0.0,2.0,A,L Mason,11.0,11.0,6.0,4.0,14.0,8.0,2.0,3.0,0.0,3.0,0.0,0.0,5
94,2012-03-11,Tottenham,Wigan,0.0,1.0,A,0.0,0.0,D,M Atkinson,13.0,7.0,10.0,4.0,10.0,11.0,9.0,3.0,1.0,1.0,0.0,0.0,5
96,2012-04-11,Liverpool,Newcastle,1.0,1.0,D,0.0,1.0,A,A Taylor,20.0,10.0,12.0,3.0,10.0,13.0,14.0,3.0,0.0,1.0,0.0,1.0,5
106,2012-11-11,Chelsea,Liverpool,1.0,1.0,D,1.0,0.0,H,H Webb,12.0,9.0,3.0,5.0,12.0,13.0,4.0,7.0,1.0,3.0,0.0,0.0,5
107,2012-11-11,Man City,Tottenham,2.0,1.0,H,0.0,1.0,A,M Oliver,16.0,6.0,8.0,2.0,16.0,7.0,8.0,2.0,1.0,2.0,0.0,0.0,5
109,2012-11-17,Arsenal,Tottenham,5.0,2.0,H,3.0,1.0,H,H Webb,13.0,6.0,10.0,4.0,13.0,12.0,6.0,6.0,1.0,2.0,0.0,1.0,5
110,2012-11-17,Liverpool,Wigan,3.0,0.0,H,0.0,0.0,D,K Friend,22.0,9.0,11.0,3.0,9.0,11.0,10.0,5.0,0.0,3.0,0.0,0.0,5
127,2012-11-25,Swansea,Liverpool,0.0,0.0,D,0.0,0.0,D,J Moss,17.0,21.0,8.0,14.0,6.0,10.0,7.0,6.0,1.0,0.0,0.0,0.0,5
128,2012-11-25,Tottenham,West Ham,3.0,1.0,H,1.0,0.0,H,A Marriner,25.0,10.0,13.0,6.0,9.0,10.0,4.0,2.0,1.0,2.0,0.0,0.0,5
137,2012-11-28,Tottenham,Liverpool,2.0,1.0,H,2.0,0.0,H,P Dowd,14.0,14.0,7.0,9.0,4.0,14.0,1.0,12.0,1.0,2.0,0.0,0.0,5
140,2012-01-12,Fulham,Tottenham,0.0,3.0,A,0.0,0.0,D,C Foy,8.0,10.0,2.0,6.0,10.0,8.0,2.0,1.0,0.0,2.0,0.0,0.0,5
141,2012-01-12,Liverpool,Southampton,1.0,0.0,H,1.0,0.0,H,M Oliver,24.0,8.0,11.0,4.0,10.0,8.0,10.0,4.0,2.0,0.0,0.0,0.0,5
155,2012-09-12,Everton,Tottenham,2.0,1.0,H,0.0,0.0,D,K Friend,17.0,8.0,11.0,6.0,10.0,9.0,4.0,4.0,2.0,2.0,0.0,0.0,5
157,2012-09-12,West Ham,Liverpool,2.0,3.0,A,2.0,1.0,H,L Probert,9.0,16.0,6.0,8.0,12.0,10.0,2.0,5.0,1.0,2.0,0.0,0.0,5
160,2012-12-15,Liverpool,Aston Villa,1.0,3.0,A,0.0,2.0,A,N Swarbrick,26.0,9.0,17.0,6.0,4.0,11.0,7.0,2.0,1.0,2.0,0.0,0.0,5
166,2012-12-16,Tottenham,Swansea,1.0,0.0,H,0.0,0.0,D,M Dean,24.0,4.0,16.0,0.0,12.0,8.0,9.0,3.0,2.0,3.0,0.0,0.0,5
169,2012-12-22,Liverpool,Fulham,4.0,0.0,H,2.0,0.0,H,M Clattenburg,22.0,7.0,12.0,6.0,13.0,6.0,8.0,2.0,1.0,2.0,0.0,0.0,5
173,2012-12-22,Tottenham,Stoke,0.0,0.0,D,0.0,0.0,D,L Mason,21.0,4.0,14.0,2.0,8.0,11.0,11.0,4.0,2.0,5.0,0.0,0.0,5
179,2012-12-26,Aston Villa,Tottenham,0.0,4.0,A,0.0,0.0,D,M Clattenburg,4.0,20.0,1.0,16.0,11.0,7.0,2.0,16.0,1.0,0.0,0.0,0.0,5
186,2012-12-26,Stoke,Liverpool,3.0,1.0,H,2.0,1.0,H,H Webb,7.0,12.0,6.0,6.0,11.0,5.0,6.0,8.0,3.0,1.0,0.0,0.0,5
195,2012-12-29,Sunderland,Tottenham,1.0,2.0,A,1.0,0.0,H,L Mason,9.0,18.0,6.0,14.0,9.0,15.0,3.0,8.0,1.0,3.0,0.0,0.0,5
197,2012-12-30,QPR,Liverpool,0.0,3.0,A,0.0,3.0,A,A Taylor,14.0,16.0,7.0,11.0,10.0,8.0,1.0,9.0,2.0,1.0,0.0,0.0,5
201,2013-01-01,Tottenham,Reading,3.0,1.0,H,1.0,1.0,D,H Webb,30.0,7.0,20.0,4.0,9.0,9.0,12.0,3.0,0.0,0.0,0.0,0.0,5
206,2013-02-01,Liverpool,Sunderland,3.0,0.0,H,2.0,0.0,H,P Dowd,27.0,6.0,16.0,5.0,8.0,5.0,9.0,5.0,0.0,1.0,0.0,0.0,5
212,2013-12-01,QPR,Tottenham,0.0,0.0,D,0.0,0.0,D,L Probert,4.0,16.0,1.0,8.0,10.0,7.0,2.0,6.0,1.0,1.0,0.0,0.0,5
217,2013-01-13,Man United,Liverpool,2.0,1.0,H,1.0,0.0,H,H Webb,15.0,12.0,10.0,5.0,14.0,16.0,3.0,1.0,1.0,4.0,0.0,0.0,5
219,2013-01-19,Liverpool,Norwich,5.0,0.0,H,2.0,0.0,H,M Oliver,17.0,5.0,10.0,3.0,10.0,8.0,10.0,4.0,1.0,1.0,0.0,0.0,5
227,2013-01-20,Tottenham,Man United,1.0,1.0,D,0.0,1.0,A,C Foy,23.0,6.0,18.0,4.0,7.0,14.0,9.0,4.0,1.0,4.0,0.0,0.0,5
234,2013-01-30,Arsenal,Liverpool,2.0,2.0,D,0.0,1.0,A,K Friend,14.0,10.0,6.0,5.0,9.0,11.0,8.0,6.0,3.0,1.0,0.0,0.0,5
238,2013-01-30,Norwich,Tottenham,1.0,1.0,D,1.0,0.0,H,N Swarbrick,8.0,12.0,4.0,7.0,13.0,14.0,3.0,6.0,4.0,1.0,0.0,0.0,5
248,2013-03-02,Man City,Liverpool,2.0,2.0,D,1.0,1.0,D,A Taylor,9.0,21.0,5.0,12.0,14.0,7.0,9.0,10.0,2.0,4.0,0.0,0.0,5
249,2013-03-02,West Brom,Tottenham,0.0,1.0,A,0.0,0.0,D,M Clattenburg,4.0,21.0,3.0,13.0,9.0,9.0,2.0,17.0,1.0,0.0,1.0,0.0,5
256,2013-09-02,Tottenham,Newcastle,2.0,1.0,H,1.0,1.0,D,P Dowd,16.0,9.0,9.0,7.0,5.0,11.0,11.0,5.0,0.0,2.0,0.0,0.0,5
259,2013-11-02,Liverpool,West Brom,0.0,2.0,A,0.0,0.0,D,J Moss,23.0,4.0,14.0,3.0,9.0,9.0,13.0,5.0,1.0,4.0,0.0,0.0,5
260,2013-02-17,Liverpool,Swansea,5.0,0.0,H,1.0,0.0,H,H Webb,33.0,4.0,18.0,3.0,6.0,9.0,10.0,1.0,0.0,1.0,0.0,0.0,5
269,2013-02-25,West Ham,Tottenham,2.0,3.0,A,1.0,1.0,D,H Webb,8.0,25.0,6.0,16.0,12.0,7.0,6.0,12.0,4.0,1.0,0.0,0.0,5
277,2013-02-03,Wigan,Liverpool,0.0,4.0,A,0.0,3.0,A,M Atkinson,15.0,8.0,11.0,7.0,11.0,15.0,4.0,3.0,2.0,2.0,0.0,0.0,5
278,2013-03-03,Tottenham,Arsenal,2.0,1.0,H,2.0,0.0,H,M Clattenburg,11.0,10.0,5.0,6.0,17.0,13.0,4.0,6.0,3.0,1.0,0.0,0.0,5
284,2013-10-03,Liverpool,Tottenham,3.0,2.0,H,1.0,1.0,D,M Oliver,10.0,15.0,4.0,9.0,9.0,8.0,1.0,4.0,1.0,1.0,0.0,0.0,5
289,2013-03-16,Southampton,Liverpool,3.0,1.0,H,2.0,1.0,H,P Dowd,17.0,8.0,12.0,6.0,10.0,10.0,7.0,5.0,0.0,1.0,0.0,0.0,5
294,2013-03-17,Tottenham,Fulham,0.0,1.0,A,0.0,0.0,D,M Jones,12.0,6.0,6.0,2.0,10.0,5.0,5.0,5.0,1.0,1.0,0.0,0.0,5
301,2013-03-30,Swansea,Tottenham,1.0,2.0,A,0.0,2.0,A,A Taylor,11.0,9.0,3.0,7.0,5.0,10.0,5.0,2.0,2.0,4.0,0.0,0.0,5
304,2013-03-31,Aston Villa,Liverpool,1.0,2.0,A,1.0,0.0,H,L Mason,10.0,16.0,7.0,12.0,9.0,8.0,7.0,8.0,1.0,1.0,0.0,0.0,5
311,2013-07-04,Liverpool,West Ham,0.0,0.0,D,0.0,0.0,D,A Taylor,19.0,10.0,12.0,4.0,8.0,4.0,12.0,2.0,0.0,1.0,0.0,0.0,5
314,2013-07-04,Tottenham,Everton,2.0,2.0,D,1.0,1.0,D,A Marriner,19.0,9.0,10.0,5.0,14.0,8.0,7.0,6.0,1.0,1.0,0.0,0.0,5
319,2013-04-13,Reading,Liverpool,0.0,0.0,D,0.0,0.0,D,M Clattenburg,7.0,26.0,5.0,15.0,9.0,8.0,4.0,9.0,2.0,1.0,0.0,0.0,5
334,2013-04-21,Liverpool,Chelsea,2.0,2.0,D,0.0,1.0,A,K Friend,23.0,9.0,12.0,6.0,8.0,11.0,8.0,5.0,5.0,2.0,0.0,0.0,5
335,2013-04-21,Tottenham,Man City,3.0,1.0,H,0.0,1.0,A,L Mason,11.0,11.0,8.0,7.0,11.0,10.0,4.0,5.0,3.0,3.0,0.0,0.0,5
339,2013-04-27,Newcastle,Liverpool,0.0,6.0,A,0.0,2.0,A,A Marriner,5.0,11.0,1.0,10.0,14.0,7.0,5.0,7.0,3.0,2.0,1.0,0.0,5
342,2013-04-27,Wigan,Tottenham,2.0,2.0,D,1.0,1.0,D,M Atkinson,6.0,14.0,4.0,7.0,12.0,10.0,3.0,3.0,3.0,1.0,0.0,0.0,5
351,2013-04-05,Tottenham,Southampton,1.0,0.0,H,0.0,0.0,D,M Clattenburg,7.0,10.0,4.0,6.0,8.0,9.0,5.0,5.0,1.0,1.0,0.0,0.0,5
354,2013-05-05,Liverpool,Everton,0.0,0.0,D,0.0,0.0,D,M Oliver,16.0,11.0,8.0,4.0,10.0,10.0,3.0,5.0,1.0,2.0,0.0,0.0,5
359,2013-08-05,Chelsea,Tottenham,2.0,2.0,D,2.0,1.0,H,M Dean,15.0,13.0,8.0,6.0,6.0,16.0,6.0,5.0,1.0,2.0,0.0,0.0,5
362,2013-12-05,Fulham,Liverpool,1.0,3.0,A,1.0,1.0,D,M Halsey,10.0,20.0,8.0,14.0,2.0,10.0,7.0,8.0,0.0,1.0,0.0,0.0,5
366,2013-12-05,Stoke,Tottenham,1.0,2.0,A,1.0,1.0,D,K Friend,6.0,23.0,3.0,15.0,11.0,5.0,2.0,11.0,4.0,1.0,1.0,0.0,5
371,2013-05-19,Liverpool,QPR,1.0,0.0,H,1.0,0.0,H,M Atkinson,27.0,10.0,20.0,3.0,7.0,3.0,14.0,0.0,1.0,3.0,0.0,0.0,5
376,2013-05-19,Tottenham,Sunderland,1.0,0.0,H,0.0,0.0,D,A Marriner,23.0,6.0,19.0,4.0,6.0,12.0,14.0,1.0,1.0,3.0,0.0,1.0,5
1,2013-08-17,Liverpool,Stoke,1.0,0.0,H,1.0,0.0,H,M Atkinson,26.0,10.0,11.0,4.0,11.0,11.0,12.0,6.0,1.0,1.0,0.0,0.0,6
8,2013-08-18,Crystal Palace,Tottenham,0.0,1.0,A,0.0,0.0,D,M Clattenburg,5.0,17.0,3.0,2.0,6.0,9.0,3.0,7.0,1.0,0.0,0.0,0.0,6
11,2013-08-24,Aston Villa,Liverpool,0.0,1.0,A,0.0,1.0,A,M Clattenburg,17.0,5.0,3.0,1.0,9.0,8.0,8.0,2.0,3.0,3.0,0.0,0.0,6
19,2013-08-25,Tottenham,Swansea,1.0,0.0,H,0.0,0.0,D,N Swarbrick,19.0,7.0,5.0,5.0,10.0,15.0,8.0,3.0,1.0,4.0,0.0,0.0,6
27,2013-01-09,Arsenal,Tottenham,1.0,0.0,H,1.0,0.0,H,M Oliver,12.0,14.0,5.0,4.0,15.0,14.0,3.0,6.0,2.0,2.0,0.0,0.0,6
28,2013-01-09,Liverpool,Man United,1.0,0.0,H,1.0,0.0,H,A Marriner,10.0,10.0,5.0,4.0,15.0,15.0,2.0,7.0,2.0,4.0,0.0,0.0,6
37,2013-09-14,Tottenham,Norwich,2.0,0.0,H,1.0,0.0,H,L Mason,23.0,4.0,7.0,1.0,2.0,12.0,8.0,1.0,1.0,3.0,0.0,0.0,6
39,2013-09-16,Swansea,Liverpool,2.0,2.0,D,1.0,2.0,A,M Oliver,17.0,12.0,8.0,5.0,7.0,10.0,3.0,7.0,2.0,3.0,0.0,0.0,6
41,2013-09-21,Liverpool,Southampton,0.0,1.0,A,0.0,0.0,D,N Swarbrick,10.0,12.0,5.0,7.0,6.0,9.0,6.0,6.0,0.0,1.0,0.0,0.0,6
47,2013-09-22,Cardiff,Tottenham,0.0,1.0,A,0.0,0.0,D,M Clattenburg,6.0,29.0,0.0,12.0,5.0,7.0,2.0,12.0,1.0,4.0,0.0,0.0,6
56,2013-09-28,Tottenham,Chelsea,1.0,1.0,D,1.0,0.0,H,M Dean,12.0,11.0,4.0,5.0,14.0,14.0,4.0,5.0,5.0,1.0,0.0,1.0,6
58,2013-09-29,Sunderland,Liverpool,1.0,3.0,A,0.0,2.0,A,H Webb,23.0,15.0,5.0,6.0,8.0,10.0,10.0,8.0,2.0,1.0,0.0,0.0,6
63,2013-05-10,Liverpool,Crystal Palace,3.0,1.0,H,3.0,0.0,H,A Taylor,13.0,11.0,7.0,2.0,11.0,6.0,11.0,3.0,2.0,1.0,0.0,0.0,6
68,2013-06-10,Tottenham,West Ham,0.0,3.0,A,0.0,0.0,D,L Probert,14.0,16.0,4.0,5.0,5.0,9.0,6.0,7.0,0.0,0.0,0.0,0.0,6
74,2013-10-19,Newcastle,Liverpool,2.0,2.0,D,1.0,1.0,D,A Marriner,14.0,23.0,4.0,7.0,8.0,10.0,3.0,13.0,2.0,3.0,1.0,0.0,6
78,2013-10-20,Aston Villa,Tottenham,0.0,2.0,A,0.0,1.0,A,P Dowd,15.0,13.0,2.0,6.0,13.0,12.0,4.0,7.0,3.0,4.0,0.0,0.0,6
82,2013-10-26,Liverpool,West Brom,4.0,1.0,H,2.0,0.0,H,J Moss,18.0,15.0,7.0,3.0,14.0,11.0,3.0,9.0,0.0,2.0,0.0,0.0,6
89,2013-10-27,Tottenham,Hull,1.0,0.0,H,0.0,0.0,D,M Oliver,15.0,10.0,6.0,4.0,13.0,10.0,6.0,4.0,3.0,3.0,0.0,0.0,6
90,2013-02-11,Arsenal,Liverpool,2.0,0.0,H,1.0,0.0,H,M Atkinson,12.0,12.0,7.0,4.0,11.0,7.0,3.0,5.0,2.0,1.0,0.0,0.0,6
99,2013-03-11,Everton,Tottenham,0.0,0.0,D,0.0,0.0,D,K Friend,8.0,16.0,1.0,6.0,11.0,9.0,7.0,4.0,4.0,1.0,0.0,0.0,6
103,2013-09-11,Liverpool,Fulham,4.0,0.0,H,3.0,0.0,H,M Jones,32.0,4.0,10.0,1.0,13.0,9.0,9.0,3.0,0.0,1.0,0.0,0.0,6
109,2013-10-11,Tottenham,Newcastle,0.0,1.0,A,0.0,1.0,A,C Foy,31.0,8.0,14.0,4.0,5.0,15.0,11.0,4.0,1.0,2.0,0.0,0.0,6
111,2013-11-23,Everton,Liverpool,3.0,3.0,D,1.0,2.0,A,P Dowd,18.0,11.0,12.0,5.0,16.0,15.0,6.0,7.0,4.0,3.0,0.0,0.0,6
118,2013-11-24,Man City,Tottenham,6.0,0.0,H,3.0,0.0,H,M Atkinson,15.0,13.0,10.0,5.0,7.0,11.0,4.0,7.0,1.0,3.0,0.0,0.0,6
127,2013-01-12,Hull,Liverpool,3.0,1.0,H,1.0,1.0,D,H Webb,12.0,9.0,4.0,4.0,10.0,16.0,2.0,6.0,2.0,0.0,0.0,0.0,6
129,2013-01-12,Tottenham,Man United,2.0,2.0,D,1.0,1.0,D,M Dean,10.0,8.0,4.0,3.0,9.0,15.0,7.0,7.0,1.0,3.0,0.0,0.0,6
132,2013-04-12,Fulham,Tottenham,1.0,2.0,A,0.0,0.0,D,M Clattenburg,16.0,18.0,6.0,5.0,7.0,16.0,9.0,7.0,2.0,1.0,0.0,0.0,6
133,2013-04-12,Liverpool,Norwich,5.0,1.0,H,3.0,0.0,H,A Taylor,28.0,14.0,12.0,5.0,10.0,6.0,4.0,0.0,3.0,1.0,0.0,0.0,6
141,2013-07-12,Liverpool,West Ham,4.0,1.0,H,1.0,0.0,H,M Oliver,32.0,8.0,9.0,1.0,9.0,12.0,8.0,4.0,0.0,3.0,0.0,1.0,6
145,2013-07-12,Sunderland,Tottenham,1.0,2.0,A,1.0,1.0,D,L Mason,11.0,22.0,4.0,5.0,14.0,9.0,4.0,10.0,2.0,0.0,0.0,0.0,6
159,2013-12-15,Tottenham,Liverpool,0.0,5.0,A,0.0,2.0,A,J Moss,9.0,21.0,0.0,10.0,17.0,15.0,2.0,9.0,3.0,0.0,1.0,0.0,6
162,2013-12-21,Liverpool,Cardiff,3.0,1.0,H,3.0,0.0,H,L Probert,27.0,10.0,7.0,3.0,11.0,13.0,9.0,5.0,2.0,0.0,0.0,0.0,6
167,2013-12-22,Southampton,Tottenham,2.0,3.0,A,1.0,1.0,D,C Foy,12.0,13.0,5.0,3.0,10.0,18.0,2.0,5.0,1.0,1.0,0.0,0.0,6
175,2013-12-26,Man City,Liverpool,2.0,1.0,H,2.0,1.0,H,L Mason,20.0,12.0,6.0,5.0,10.0,9.0,7.0,6.0,1.0,3.0,0.0,0.0,6
178,2013-12-26,Tottenham,West Brom,1.0,1.0,D,1.0,1.0,D,A Taylor,20.0,7.0,3.0,4.0,8.0,12.0,12.0,2.0,3.0,2.0,0.0,0.0,6
186,2013-12-29,Chelsea,Liverpool,2.0,1.0,H,2.0,1.0,H,H Webb,11.0,8.0,5.0,4.0,17.0,17.0,4.0,2.0,4.0,1.0,0.0,0.0,6
189,2013-12-29,Tottenham,Stoke,3.0,0.0,H,1.0,0.0,H,K Friend,20.0,2.0,7.0,1.0,6.0,14.0,6.0,1.0,2.0,2.0,0.0,0.0,6
193,2014-01-01,Liverpool,Hull,2.0,0.0,H,1.0,0.0,H,C Pawson,17.0,10.0,6.0,0.0,15.0,15.0,3.0,4.0,1.0,2.0,0.0,0.0,6
194,2014-01-01,Man United,Tottenham,1.0,2.0,A,0.0,1.0,A,H Webb,16.0,9.0,6.0,4.0,7.0,7.0,13.0,2.0,2.0,1.0,0.0,0.0,6
206,2014-11-01,Tottenham,Crystal Palace,2.0,0.0,H,0.0,0.0,D,M Oliver,10.0,14.0,4.0,2.0,12.0,12.0,5.0,11.0,1.0,2.0,0.0,0.0,6
208,2014-12-01,Stoke,Liverpool,3.0,5.0,A,2.0,2.0,D,A Taylor,13.0,13.0,4.0,9.0,10.0,8.0,11.0,2.0,1.0,1.0,0.0,0.0,6
212,2014-01-18,Liverpool,Aston Villa,2.0,2.0,D,1.0,2.0,A,J Moss,14.0,12.0,6.0,3.0,14.0,18.0,2.0,3.0,1.0,4.0,0.0,0.0,6
218,2014-01-19,Swansea,Tottenham,1.0,3.0,A,0.0,1.0,A,M Atkinson,13.0,11.0,3.0,5.0,6.0,9.0,8.0,2.0,2.0,1.0,0.0,0.0,6
221,2014-01-28,Liverpool,Everton,4.0,0.0,H,3.0,0.0,H,M Atkinson,20.0,18.0,9.0,4.0,11.0,13.0,5.0,8.0,0.0,3.0,0.0,0.0,6
229,2014-01-29,Tottenham,Man City,1.0,5.0,A,0.0,1.0,A,A Marriner,4.0,24.0,2.0,10.0,11.0,10.0,3.0,5.0,1.0,4.0,1.0,0.0,6
233,2014-01-02,Hull,Tottenham,1.0,1.0,D,1.0,0.0,H,A Taylor,9.0,19.0,4.0,3.0,13.0,9.0,4.0,10.0,1.0,1.0,0.0,0.0,6
238,2014-02-02,West Brom,Liverpool,1.0,1.0,D,0.0,1.0,A,K Friend,12.0,12.0,4.0,3.0,13.0,15.0,3.0,4.0,4.0,2.0,0.0,0.0,6
243,2014-08-02,Liverpool,Arsenal,5.0,1.0,H,4.0,0.0,H,M Oliver,22.0,11.0,12.0,6.0,14.0,14.0,6.0,6.0,1.0,2.0,0.0,0.0,6
249,2014-09-02,Tottenham,Everton,1.0,0.0,H,0.0,0.0,D,M Clattenburg,8.0,11.0,2.0,3.0,9.0,13.0,9.0,7.0,1.0,0.0,0.0,0.0,6
255,2014-12-02,Fulham,Liverpool,2.0,3.0,A,1.0,1.0,D,P Dowd,10.0,21.0,3.0,7.0,7.0,9.0,7.0,5.0,4.0,3.0,0.0,0.0,6
256,2014-12-02,Newcastle,Tottenham,0.0,4.0,A,0.0,1.0,A,N Swarbrick,13.0,15.0,5.0,8.0,6.0,11.0,8.0,6.0,0.0,0.0,0.0,0.0,6
265,2014-02-23,Liverpool,Swansea,4.0,3.0,H,3.0,2.0,H,M Jones,21.0,14.0,10.0,5.0,9.0,11.0,3.0,5.0,1.0,0.0,0.0,0.0,6
267,2014-02-23,Norwich,Tottenham,1.0,0.0,H,0.0,0.0,D,C Pawson,13.0,9.0,3.0,2.0,8.0,15.0,5.0,3.0,1.0,3.0,0.0,0.0,6
271,2014-01-03,Southampton,Liverpool,0.0,3.0,A,0.0,1.0,A,L Probert,13.0,12.0,2.0,5.0,10.0,6.0,3.0,6.0,1.0,2.0,0.0,0.0,6
275,2014-02-03,Tottenham,Cardiff,1.0,0.0,H,1.0,0.0,H,P Dowd,15.0,8.0,6.0,2.0,11.0,12.0,4.0,7.0,1.0,3.0,0.0,0.0,6
277,2014-08-03,Chelsea,Tottenham,4.0,0.0,H,0.0,0.0,D,M Oliver,12.0,6.0,4.0,2.0,11.0,18.0,5.0,4.0,2.0,3.0,0.0,1.0,6
289,2014-03-16,Man United,Liverpool,0.0,3.0,A,0.0,1.0,A,M Clattenburg,13.0,17.0,1.0,7.0,13.0,12.0,3.0,4.0,1.0,4.0,1.0,0.0,6
290,2014-03-16,Tottenham,Arsenal,0.0,1.0,A,0.0,1.0,A,M Dean,17.0,7.0,2.0,3.0,18.0,11.0,5.0,2.0,5.0,3.0,0.0,0.0,6
291,2014-03-22,Cardiff,Liverpool,3.0,6.0,A,2.0,2.0,D,N Swarbrick,9.0,19.0,3.0,9.0,14.0,11.0,4.0,6.0,2.0,3.0,0.0,0.0,6
300,2014-03-23,Tottenham,Southampton,3.0,2.0,H,1.0,2.0,A,A Taylor,15.0,12.0,6.0,4.0,9.0,9.0,7.0,3.0,1.0,2.0,0.0,0.0,6
304,2014-03-26,Liverpool,Sunderland,2.0,1.0,H,1.0,0.0,H,K Friend,21.0,12.0,7.0,4.0,5.0,15.0,3.0,4.0,0.0,2.0,0.0,0.0,6
314,2014-03-30,Liverpool,Tottenham,4.0,0.0,H,2.0,0.0,H,P Dowd,11.0,15.0,5.0,4.0,9.0,9.0,5.0,7.0,0.0,2.0,0.0,0.0,6
324,2014-06-04,West Ham,Liverpool,1.0,2.0,A,1.0,1.0,D,A Taylor,11.0,17.0,1.0,8.0,10.0,9.0,4.0,4.0,4.0,0.0,0.0,0.0,6
325,2014-07-04,Tottenham,Sunderland,5.0,1.0,H,1.0,1.0,D,L Mason,29.0,8.0,11.0,4.0,12.0,8.0,8.0,2.0,0.0,2.0,0.0,0.0,6
331,2014-12-04,West Brom,Tottenham,3.0,3.0,D,3.0,1.0,H,N Swarbrick,6.0,20.0,5.0,8.0,11.0,8.0,2.0,2.0,4.0,2.0,0.0,0.0,6
332,2014-04-13,Liverpool,Man City,3.0,2.0,H,2.0,0.0,H,M Clattenburg,10.0,13.0,4.0,5.0,7.0,9.0,7.0,7.0,1.0,3.0,1.0,0.0,6
341,2014-04-19,Tottenham,Fulham,3.0,1.0,H,1.0,1.0,D,L Probert,14.0,11.0,5.0,4.0,8.0,11.0,4.0,5.0,0.0,1.0,0.0,0.0,6
345,2014-04-20,Norwich,Liverpool,2.0,3.0,A,0.0,2.0,A,A Marriner,13.0,14.0,5.0,6.0,16.0,10.0,8.0,3.0,3.0,2.0,0.0,0.0,6
350,2014-04-26,Stoke,Tottenham,0.0,1.0,A,0.0,1.0,A,A Marriner,17.0,16.0,3.0,4.0,11.0,6.0,4.0,3.0,1.0,2.0,1.0,0.0,6
354,2014-04-27,Liverpool,Chelsea,0.0,2.0,A,0.0,1.0,A,M Atkinson,26.0,11.0,8.0,4.0,9.0,7.0,14.0,3.0,0.0,4.0,0.0,0.0,6
363,2014-03-05,West Ham,Tottenham,2.0,0.0,H,2.0,0.0,H,P Dowd,20.0,12.0,8.0,3.0,10.0,16.0,10.0,6.0,0.0,4.0,0.0,1.0,6
366,2014-05-05,Crystal Palace,Liverpool,3.0,3.0,D,0.0,1.0,A,M Clattenburg,10.0,26.0,6.0,9.0,7.0,12.0,7.0,7.0,2.0,3.0,0.0,0.0,6
373,2014-11-05,Liverpool,Newcastle,2.0,1.0,H,0.0,1.0,A,P Dowd,13.0,8.0,5.0,2.0,8.0,16.0,6.0,2.0,1.0,3.0,0.0,2.0,6
378,2014-11-05,Tottenham,Aston Villa,3.0,0.0,H,3.0,0.0,H,J Moss,12.0,4.0,6.0,1.0,11.0,11.0,5.0,1.0,1.0,0.0,0.0,0.0,6
6,2014-08-16,West Ham,Tottenham,0.0,1.0,A,0.0,0.0,D,C Foy,18.0,10.0,4.0,4.0,12.0,10.0,8.0,5.0,1.0,0.0,1.0,1.0,7
7,2014-08-17,Liverpool,Southampton,2.0,1.0,H,1.0,0.0,H,M Clattenburg,12.0,12.0,5.0,6.0,8.0,11.0,2.0,6.0,1.0,2.0,0.0,0.0,7
18,2014-08-24,Tottenham,QPR,4.0,0.0,H,3.0,0.0,H,A Taylor,18.0,9.0,5.0,1.0,12.0,6.0,7.0,6.0,0.0,1.0,0.0,0.0,7
19,2014-08-25,Man City,Liverpool,3.0,1.0,H,1.0,0.0,H,M Oliver,9.0,11.0,4.0,3.0,13.0,7.0,6.0,7.0,1.0,1.0,0.0,0.0,7
29,2014-08-31,Tottenham,Liverpool,0.0,3.0,A,0.0,1.0,A,P Dowd,7.0,17.0,1.0,8.0,14.0,11.0,7.0,3.0,0.0,4.0,0.0,0.0,7
33,2014-09-13,Liverpool,Aston Villa,0.0,1.0,A,0.0,1.0,A,L Mason,18.0,5.0,1.0,1.0,9.0,10.0,7.0,6.0,2.0,1.0,0.0,0.0,7
36,2014-09-13,Sunderland,Tottenham,2.0,2.0,D,1.0,1.0,D,C Pawson,6.0,15.0,1.0,6.0,10.0,13.0,5.0,5.0,5.0,1.0,0.0,0.0,7
45,2014-09-20,West Ham,Liverpool,3.0,1.0,H,2.0,1.0,H,C Pawson,13.0,11.0,7.0,5.0,16.0,11.0,7.0,5.0,4.0,1.0,0.0,0.0,7
49,2014-09-21,Tottenham,West Brom,0.0,1.0,A,0.0,0.0,D,K Friend,7.0,10.0,1.0,4.0,12.0,7.0,9.0,7.0,2.0,2.0,0.0,0.0,7
50,2014-09-27,Arsenal,Tottenham,1.0,1.0,D,0.0,0.0,D,M Oliver,16.0,6.0,6.0,4.0,7.0,16.0,15.0,5.0,3.0,6.0,0.0,0.0,7
54,2014-09-27,Liverpool,Everton,1.0,1.0,D,0.0,0.0,D,M Atkinson,24.0,11.0,8.0,5.0,8.0,9.0,8.0,2.0,2.0,1.0,0.0,0.0,7
63,2014-04-10,Liverpool,West Brom,2.0,1.0,H,1.0,0.0,H,M Oliver,19.0,8.0,7.0,4.0,12.0,15.0,5.0,5.0,2.0,2.0,0.0,0.0,7
68,2014-05-10,Tottenham,Southampton,1.0,0.0,H,1.0,0.0,H,M Jones,9.0,7.0,4.0,3.0,15.0,9.0,10.0,5.0,2.0,1.0,0.0,0.0,7
74,2014-10-18,Man City,Tottenham,4.0,1.0,H,2.0,1.0,H,J Moss,20.0,19.0,12.0,7.0,11.0,9.0,3.0,4.0,1.0,2.0,0.0,1.0,7
77,2014-10-19,QPR,Liverpool,2.0,3.0,A,0.0,0.0,D,P Dowd,15.0,15.0,6.0,5.0,10.0,15.0,7.0,2.0,2.0,3.0,0.0,0.0,7
80,2014-10-25,Liverpool,Hull,0.0,0.0,D,0.0,0.0,D,N Swarbrick,17.0,6.0,4.0,3.0,12.0,17.0,14.0,1.0,3.0,2.0,0.0,0.0,7
88,2014-10-26,Tottenham,Newcastle,1.0,2.0,A,1.0,0.0,H,A Taylor,17.0,8.0,2.0,2.0,9.0,12.0,10.0,2.0,2.0,4.0,0.0,0.0,7
95,2014-01-11,Newcastle,Liverpool,1.0,0.0,H,0.0,0.0,D,A Marriner,14.0,6.0,3.0,3.0,13.0,8.0,7.0,2.0,4.0,3.0,0.0,0.0,7
97,2014-02-11,Aston Villa,Tottenham,1.0,2.0,A,1.0,0.0,H,N Swarbrick,12.0,18.0,1.0,7.0,12.0,11.0,3.0,9.0,3.0,3.0,1.0,0.0,7
101,2014-08-11,Liverpool,Chelsea,1.0,2.0,A,1.0,1.0,D,A Taylor,12.0,15.0,4.0,5.0,9.0,12.0,5.0,7.0,2.0,5.0,0.0,0.0,7
108,2014-09-11,Tottenham,Stoke,1.0,2.0,A,0.0,2.0,A,M Jones,14.0,11.0,4.0,4.0,20.0,13.0,5.0,5.0,3.0,2.0,1.0,0.0,7
117,2014-11-23,Crystal Palace,Liverpool,3.0,1.0,H,1.0,1.0,D,J Moss,15.0,12.0,5.0,1.0,21.0,10.0,4.0,3.0,1.0,2.0,0.0,0.0,7
118,2014-11-23,Hull,Tottenham,1.0,2.0,A,1.0,0.0,H,C Pawson,10.0,23.0,2.0,6.0,15.0,9.0,3.0,9.0,3.0,1.0,1.0,0.0,7
121,2014-11-29,Liverpool,Stoke,1.0,0.0,H,0.0,0.0,D,C Pawson,16.0,13.0,3.0,4.0,11.0,9.0,5.0,5.0,0.0,3.0,0.0,0.0,7
129,2014-11-30,Tottenham,Everton,2.0,1.0,H,2.0,1.0,H,M Oliver,13.0,10.0,6.0,5.0,15.0,5.0,3.0,4.0,5.0,1.0,0.0,0.0,7
132,2014-02-12,Leicester,Liverpool,1.0,3.0,A,1.0,1.0,D,L Mason,20.0,11.0,4.0,3.0,11.0,10.0,7.0,4.0,1.0,2.0,1.0,0.0,7
137,2014-03-12,Chelsea,Tottenham,3.0,0.0,H,2.0,0.0,H,M Dean,12.0,10.0,8.0,2.0,9.0,9.0,1.0,6.0,1.0,1.0,0.0,0.0,7
141,2014-06-12,Liverpool,Sunderland,0.0,0.0,D,0.0,0.0,D,N Swarbrick,15.0,7.0,2.0,1.0,12.0,15.0,5.0,7.0,1.0,3.0,0.0,0.0,7
146,2014-06-12,Tottenham,Crystal Palace,0.0,0.0,D,0.0,0.0,D,L Mason,14.0,16.0,3.0,4.0,11.0,10.0,2.0,12.0,1.0,0.0,0.0,0.0,7
157,2014-12-14,Man United,Liverpool,3.0,0.0,H,2.0,0.0,H,M Atkinson,11.0,19.0,6.0,9.0,13.0,14.0,2.0,7.0,4.0,3.0,0.0,0.0,7
158,2014-12-14,Swansea,Tottenham,1.0,2.0,A,0.0,1.0,A,R Madley,15.0,10.0,3.0,4.0,7.0,17.0,7.0,9.0,3.0,4.0,0.0,0.0,7
165,2014-12-20,Tottenham,Burnley,2.0,1.0,H,2.0,1.0,H,M Jones,23.0,9.0,6.0,5.0,9.0,8.0,9.0,6.0,1.0,0.0,0.0,0.0,7
167,2014-12-21,Liverpool,Arsenal,2.0,2.0,D,1.0,1.0,D,M Oliver,27.0,7.0,10.0,3.0,6.0,14.0,10.0,6.0,0.0,3.0,1.0,0.0,7
171,2014-12-26,Burnley,Liverpool,0.0,1.0,A,0.0,0.0,D,A Taylor,16.0,10.0,0.0,3.0,7.0,5.0,8.0,2.0,0.0,1.0,0.0,0.0,7
175,2014-12-26,Leicester,Tottenham,1.0,2.0,A,0.0,1.0,A,N Swarbrick,22.0,8.0,6.0,3.0,10.0,14.0,11.0,1.0,1.0,2.0,0.0,0.0,7
187,2014-12-28,Tottenham,Man United,0.0,0.0,D,0.0,0.0,D,J Moss,9.0,9.0,4.0,5.0,11.0,19.0,3.0,6.0,2.0,4.0,0.0,0.0,7
189,2014-12-29,Liverpool,Swansea,4.0,1.0,H,1.0,0.0,H,A Marriner,21.0,11.0,11.0,4.0,8.0,5.0,6.0,3.0,1.0,0.0,0.0,0.0,7
192,2015-01-01,Liverpool,Leicester,2.0,2.0,D,2.0,0.0,H,M Jones,18.0,16.0,6.0,3.0,13.0,10.0,4.0,5.0,2.0,2.0,0.0,0.0,7
198,2015-01-01,Tottenham,Chelsea,5.0,3.0,H,3.0,1.0,H,P Dowd,11.0,19.0,8.0,7.0,14.0,10.0,5.0,3.0,3.0,1.0,0.0,0.0,7
202,2015-10-01,Crystal Palace,Tottenham,2.0,1.0,H,0.0,0.0,D,A Taylor,21.0,9.0,7.0,5.0,9.0,14.0,4.0,6.0,5.0,3.0,0.0,0.0,7
205,2015-10-01,Sunderland,Liverpool,0.0,1.0,A,0.0,1.0,A,C Pawson,5.0,21.0,1.0,4.0,12.0,11.0,6.0,6.0,1.0,4.0,1.0,0.0,7
210,2015-01-17,Aston Villa,Liverpool,0.0,2.0,A,0.0,1.0,A,M Clattenburg,15.0,12.0,4.0,5.0,13.0,11.0,9.0,5.0,1.0,1.0,0.0,0.0,7
216,2015-01-17,Tottenham,Sunderland,2.0,1.0,H,1.0,1.0,D,C Foy,25.0,8.0,8.0,4.0,14.0,8.0,6.0,6.0,1.0,2.0,0.0,0.0,7
223,2015-01-31,Liverpool,West Ham,2.0,0.0,H,0.0,0.0,D,A Marriner,21.0,7.0,7.0,2.0,12.0,12.0,5.0,7.0,1.0,1.0,0.0,0.0,7
227,2015-01-31,West Brom,Tottenham,0.0,3.0,A,0.0,2.0,A,K Friend,13.0,14.0,4.0,4.0,8.0,13.0,6.0,3.0,2.0,1.0,0.0,0.0,7
231,2015-07-02,Everton,Liverpool,0.0,0.0,D,0.0,0.0,D,A Taylor,6.0,17.0,1.0,6.0,11.0,7.0,3.0,6.0,4.0,1.0,0.0,0.0,7
236,2015-07-02,Tottenham,Arsenal,2.0,1.0,H,0.0,1.0,A,M Atkinson,23.0,7.0,8.0,3.0,8.0,12.0,10.0,3.0,3.0,5.0,0.0,0.0,7
242,2015-10-02,Liverpool,Tottenham,3.0,2.0,H,1.0,1.0,D,P Dowd,16.0,14.0,7.0,5.0,13.0,17.0,5.0,7.0,3.0,6.0,0.0,0.0,7
258,2015-02-22,Southampton,Liverpool,0.0,2.0,A,0.0,1.0,A,K Friend,13.0,6.0,5.0,4.0,11.0,14.0,6.0,1.0,2.0,3.0,0.0,0.0,7
259,2015-02-22,Tottenham,West Ham,2.0,2.0,D,0.0,1.0,A,J Moss,27.0,12.0,8.0,5.0,6.0,12.0,7.0,9.0,0.0,2.0,0.0,0.0,7
267,2015-01-03,Liverpool,Man City,2.0,1.0,H,1.0,1.0,D,M Clattenburg,11.0,8.0,5.0,1.0,8.0,16.0,3.0,0.0,1.0,3.0,0.0,0.0,7
271,2015-04-03,Liverpool,Burnley,2.0,0.0,H,1.0,0.0,H,L Mason,20.0,9.0,8.0,1.0,8.0,14.0,6.0,5.0,0.0,1.0,0.0,0.0,7
276,2015-04-03,Tottenham,Swansea,3.0,2.0,H,1.0,1.0,D,M Oliver,20.0,10.0,7.0,5.0,14.0,7.0,6.0,4.0,1.0,0.0,0.0,0.0,7
278,2015-07-03,QPR,Tottenham,1.0,2.0,A,0.0,1.0,A,C Pawson,17.0,13.0,6.0,6.0,15.0,12.0,3.0,5.0,1.0,2.0,0.0,0.0,7
287,2015-03-15,Man United,Tottenham,3.0,0.0,H,3.0,0.0,H,M Clattenburg,11.0,5.0,3.0,1.0,12.0,10.0,4.0,2.0,1.0,1.0,0.0,0.0,7
288,2015-03-16,Swansea,Liverpool,0.0,1.0,A,0.0,0.0,D,R East,10.0,16.0,3.0,5.0,13.0,16.0,4.0,5.0,0.0,3.0,0.0,0.0,7
294,2015-03-21,Tottenham,Leicester,4.0,3.0,H,2.0,1.0,H,M Dean,10.0,14.0,4.0,5.0,8.0,9.0,4.0,4.0,2.0,1.0,0.0,0.0,7
297,2015-03-22,Liverpool,Man United,1.0,2.0,A,0.0,1.0,A,M Atkinson,7.0,6.0,1.0,4.0,14.0,17.0,2.0,3.0,2.0,2.0,1.0,0.0,7
299,2015-04-04,Arsenal,Liverpool,4.0,1.0,H,3.0,0.0,H,A Taylor,16.0,13.0,10.0,2.0,7.0,9.0,6.0,5.0,1.0,0.0,0.0,1.0,7
306,2015-05-04,Burnley,Tottenham,0.0,0.0,D,0.0,0.0,D,M Atkinson,15.0,12.0,4.0,2.0,9.0,5.0,5.0,3.0,2.0,0.0,0.0,0.0,7
314,2015-11-04,Tottenham,Aston Villa,0.0,1.0,A,0.0,1.0,A,L Probert,14.0,10.0,3.0,3.0,11.0,12.0,9.0,6.0,3.0,2.0,0.0,1.0,7
319,2015-04-13,Liverpool,Newcastle,2.0,0.0,H,1.0,0.0,H,L Mason,14.0,10.0,6.0,3.0,8.0,17.0,6.0,6.0,2.0,0.0,0.0,1.0,7
326,2015-04-19,Newcastle,Tottenham,1.0,3.0,A,0.0,1.0,A,K Friend,11.0,14.0,5.0,8.0,11.0,13.0,4.0,3.0,2.0,4.0,0.0,0.0,7
332,2015-04-25,Southampton,Tottenham,2.0,2.0,D,1.0,1.0,D,J Moss,13.0,7.0,4.0,2.0,9.0,10.0,8.0,3.0,1.0,3.0,0.0,0.0,7
334,2015-04-25,West Brom,Liverpool,0.0,0.0,D,0.0,0.0,D,R East,10.0,22.0,4.0,5.0,12.0,11.0,2.0,4.0,1.0,0.0,0.0,0.0,7
337,2015-04-28,Hull,Liverpool,1.0,0.0,H,1.0,0.0,H,L Probert,7.0,12.0,4.0,9.0,10.0,10.0,7.0,7.0,2.0,0.0,0.0,0.0,7
341,2015-02-05,Liverpool,QPR,2.0,1.0,H,1.0,0.0,H,M Atkinson,25.0,10.0,8.0,2.0,9.0,18.0,9.0,6.0,2.0,3.0,0.0,1.0,7
347,2015-03-05,Tottenham,Man City,0.0,1.0,A,0.0,1.0,A,A Marriner,21.0,15.0,5.0,4.0,6.0,11.0,8.0,7.0,3.0,4.0,0.0,0.0,7
355,2015-09-05,Stoke,Tottenham,3.0,0.0,H,2.0,0.0,H,M Clattenburg,17.0,9.0,9.0,3.0,14.0,12.0,6.0,8.0,0.0,0.0,0.0,1.0,7
356,2015-10-05,Chelsea,Liverpool,1.0,1.0,D,1.0,1.0,D,A Marriner,8.0,15.0,3.0,4.0,13.0,11.0,6.0,4.0,4.0,3.0,0.0,0.0,7
360,2015-05-16,Liverpool,Crystal Palace,1.0,3.0,A,1.0,1.0,D,J Moss,18.0,15.0,3.0,6.0,10.0,17.0,4.0,5.0,2.0,3.0,0.0,0.0,7
364,2015-05-16,Tottenham,Hull,2.0,0.0,H,0.0,0.0,D,A Taylor,10.0,14.0,3.0,2.0,10.0,6.0,6.0,8.0,3.0,1.0,0.0,0.0,7
374,2015-05-24,Everton,Tottenham,0.0,1.0,A,0.0,1.0,A,J Moss,9.0,16.0,1.0,3.0,12.0,8.0,3.0,5.0,1.0,2.0,0.0,0.0,7
379,2015-05-24,Stoke,Liverpool,6.0,1.0,H,5.0,0.0,H,A Taylor,15.0,13.0,9.0,4.0,13.0,4.0,3.0,9.0,4.0,2.0,0.0,0.0,7
4,2015-08-08,Man United,Tottenham,1.0,0.0,H,1.0,0.0,H,J Moss,9.0,9.0,1.0,4.0,12.0,12.0,1.0,2.0,2.0,3.0,0.0,0.0,8
8,2015-09-08,Stoke,Liverpool,0.0,1.0,A,0.0,0.0,D,A Taylor,7.0,8.0,1.0,3.0,9.0,16.0,3.0,5.0,2.0,4.0,0.0,0.0,8
14,2015-08-15,Tottenham,Stoke,2.0,2.0,D,2.0,0.0,H,R Madley,13.0,16.0,7.0,7.0,15.0,11.0,4.0,3.0,2.0,2.0,0.0,0.0,8
19,2015-08-17,Liverpool,Bournemouth,1.0,0.0,H,1.0,0.0,H,C Pawson,18.0,13.0,2.0,2.0,11.0,18.0,6.0,8.0,1.0,4.0,0.0,0.0,8
21,2015-08-22,Leicester,Tottenham,1.0,1.0,D,0.0,0.0,D,M Atkinson,13.0,19.0,2.0,6.0,7.0,14.0,2.0,7.0,1.0,4.0,0.0,0.0,8
29,2015-08-24,Arsenal,Liverpool,0.0,0.0,D,0.0,0.0,D,M Oliver,19.0,15.0,5.0,8.0,2.0,13.0,7.0,8.0,1.0,4.0,0.0,0.0,8
33,2015-08-29,Liverpool,West Ham,0.0,3.0,A,0.0,2.0,A,K Friend,13.0,12.0,1.0,5.0,17.0,11.0,5.0,7.0,3.0,1.0,1.0,1.0,8
37,2015-08-29,Tottenham,Everton,0.0,0.0,D,0.0,0.0,D,M Jones,20.0,8.0,6.0,3.0,20.0,9.0,6.0,2.0,4.0,1.0,0.0,0.0,8
43,2015-12-09,Man United,Liverpool,3.0,1.0,H,0.0,0.0,D,M Oliver,9.0,8.0,3.0,4.0,6.0,11.0,4.0,4.0,1.0,2.0,0.0,0.0,8
48,2015-09-13,Sunderland,Tottenham,0.0,1.0,A,0.0,0.0,D,C Pawson,12.0,15.0,2.0,4.0,11.0,12.0,6.0,8.0,2.0,1.0,0.0,0.0,8
57,2015-09-20,Liverpool,Norwich,1.0,1.0,D,0.0,0.0,D,A Taylor,23.0,7.0,7.0,2.0,4.0,13.0,6.0,2.0,1.0,2.0,0.0,0.0,8
59,2015-09-20,Tottenham,Crystal Palace,1.0,0.0,H,0.0,0.0,D,M Oliver,22.0,12.0,6.0,4.0,9.0,11.0,6.0,5.0,1.0,2.0,0.0,0.0,8
61,2015-09-26,Liverpool,Aston Villa,3.0,2.0,H,1.0,0.0,H,J Moss,21.0,10.0,12.0,4.0,8.0,13.0,11.0,1.0,0.0,0.0,0.0,0.0,8
66,2015-09-26,Tottenham,Man City,4.0,1.0,H,1.0,1.0,D,M Clattenburg,15.0,22.0,8.0,8.0,17.0,6.0,5.0,9.0,5.0,1.0,0.0,0.0,8
78,2015-04-10,Everton,Liverpool,1.0,1.0,D,1.0,1.0,D,M Atkinson,14.0,13.0,4.0,4.0,10.0,19.0,5.0,11.0,3.0,3.0,0.0,0.0,8
79,2015-04-10,Swansea,Tottenham,2.0,2.0,D,2.0,1.0,H,M Dean,11.0,19.0,2.0,11.0,8.0,19.0,5.0,6.0,1.0,4.0,0.0,0.0,8
85,2015-10-17,Tottenham,Liverpool,0.0,0.0,D,0.0,0.0,D,C Pawson,13.0,12.0,4.0,3.0,15.0,11.0,8.0,6.0,1.0,2.0,0.0,0.0,8
96,2015-10-25,Bournemouth,Tottenham,1.0,5.0,A,1.0,3.0,A,R East,11.0,14.0,3.0,9.0,8.0,15.0,4.0,5.0,0.0,1.0,0.0,0.0,8
97,2015-10-25,Liverpool,Southampton,1.0,1.0,D,0.0,0.0,D,A Marriner,15.0,8.0,2.0,3.0,8.0,11.0,10.0,7.0,1.0,0.0,0.0,1.0,8
100,2015-10-31,Chelsea,Liverpool,1.0,3.0,A,1.0,1.0,D,M Clattenburg,8.0,16.0,2.0,7.0,9.0,21.0,1.0,7.0,1.0,4.0,0.0,0.0,8
109,2015-02-11,Tottenham,Aston Villa,3.0,1.0,H,2.0,0.0,H,M Dean,17.0,13.0,6.0,2.0,6.0,15.0,4.0,3.0,0.0,3.0,0.0,0.0,8
117,2015-08-11,Arsenal,Tottenham,1.0,1.0,D,0.0,1.0,A,M Atkinson,10.0,14.0,4.0,4.0,12.0,17.0,7.0,6.0,0.0,1.0,0.0,0.0,8
119,2015-08-11,Liverpool,Crystal Palace,1.0,2.0,A,1.0,1.0,D,N Swarbrick,22.0,9.0,4.0,4.0,7.0,6.0,14.0,6.0,1.0,2.0,0.0,0.0,8
122,2015-11-21,Man City,Liverpool,1.0,4.0,A,1.0,3.0,A,J Moss,11.0,14.0,3.0,9.0,5.0,13.0,11.0,5.0,0.0,3.0,0.0,0.0,8
128,2015-11-22,Tottenham,West Ham,4.0,1.0,H,2.0,0.0,H,A Taylor,22.0,10.0,12.0,4.0,13.0,9.0,7.0,6.0,2.0,2.0,0.0,0.0,8
136,2015-11-29,Liverpool,Swansea,1.0,0.0,H,0.0,0.0,D,A Taylor,10.0,8.0,2.0,0.0,12.0,6.0,8.0,7.0,3.0,1.0,0.0,0.0,8
138,2015-11-29,Tottenham,Chelsea,0.0,0.0,D,0.0,0.0,D,M Oliver,9.0,5.0,4.0,1.0,14.0,9.0,4.0,4.0,4.0,2.0,0.0,0.0,8
147,2015-05-12,West Brom,Tottenham,1.0,1.0,D,1.0,1.0,D,J Moss,11.0,9.0,4.0,3.0,13.0,10.0,3.0,6.0,3.0,2.0,0.0,0.0,8
148,2015-06-12,Newcastle,Liverpool,2.0,0.0,H,0.0,0.0,D,A Marriner,6.0,10.0,1.0,1.0,6.0,10.0,2.0,7.0,3.0,1.0,0.0,0.0,8
157,2015-12-13,Liverpool,West Brom,2.0,2.0,D,1.0,1.0,D,C Pawson,28.0,4.0,8.0,2.0,7.0,10.0,4.0,4.0,0.0,0.0,0.0,0.0,8
158,2015-12-13,Tottenham,Newcastle,1.0,2.0,A,1.0,0.0,H,R East,20.0,8.0,8.0,4.0,13.0,14.0,6.0,2.0,2.0,2.0,0.0,0.0,8
164,2015-12-19,Southampton,Tottenham,0.0,2.0,A,0.0,2.0,A,K Friend,11.0,13.0,4.0,6.0,18.0,9.0,4.0,7.0,1.0,1.0,0.0,0.0,8
168,2015-12-20,Watford,Liverpool,3.0,0.0,H,2.0,0.0,H,M Clattenburg,6.0,12.0,5.0,4.0,6.0,9.0,7.0,9.0,1.0,0.0,0.0,0.0,8
173,2015-12-26,Liverpool,Leicester,1.0,0.0,H,0.0,0.0,D,M Atkinson,25.0,7.0,4.0,3.0,11.0,8.0,7.0,6.0,2.0,1.0,0.0,0.0,8
179,2015-12-26,Tottenham,Norwich,3.0,0.0,H,2.0,0.0,H,M Jones,15.0,11.0,10.0,3.0,4.0,13.0,9.0,4.0,1.0,2.0,0.0,0.0,8
185,2015-12-28,Watford,Tottenham,1.0,2.0,A,1.0,1.0,D,A Taylor,9.0,10.0,1.0,3.0,11.0,13.0,5.0,3.0,4.0,2.0,1.0,0.0,8
189,2015-12-30,Sunderland,Liverpool,0.0,1.0,A,0.0,0.0,D,K Friend,8.0,17.0,3.0,6.0,8.0,16.0,6.0,4.0,1.0,3.0,0.0,0.0,8
197,2016-02-01,West Ham,Liverpool,2.0,0.0,H,1.0,0.0,H,R Madley,18.0,23.0,10.0,2.0,11.0,8.0,3.0,9.0,1.0,1.0,0.0,0.0,8
199,2016-03-01,Everton,Tottenham,1.0,1.0,D,1.0,1.0,D,M Oliver,12.0,19.0,3.0,4.0,8.0,11.0,4.0,4.0,1.0,2.0,0.0,0.0,8
204,2016-01-13,Liverpool,Arsenal,3.0,3.0,D,2.0,2.0,D,M Jones,22.0,14.0,6.0,5.0,9.0,7.0,9.0,3.0,2.0,0.0,0.0,0.0,8
209,2016-01-13,Tottenham,Leicester,0.0,1.0,A,0.0,0.0,D,L Mason,21.0,10.0,5.0,2.0,13.0,10.0,16.0,8.0,1.0,0.0,0.0,0.0,8
216,2016-01-16,Tottenham,Sunderland,4.0,1.0,H,1.0,1.0,D,M Dean,26.0,5.0,11.0,2.0,8.0,13.0,11.0,3.0,0.0,2.0,0.0,0.0,8
217,2016-01-17,Liverpool,Man United,0.0,1.0,A,0.0,0.0,D,M Clattenburg,19.0,7.0,4.0,1.0,6.0,18.0,5.0,4.0,0.0,2.0,0.0,0.0,8
220,2016-01-23,Crystal Palace,Tottenham,1.0,3.0,A,1.0,0.0,H,M Atkinson,11.0,24.0,3.0,11.0,11.0,12.0,3.0,10.0,2.0,2.0,0.0,0.0,8
223,2016-01-23,Norwich,Liverpool,4.0,5.0,A,2.0,1.0,H,L Mason,6.0,13.0,5.0,7.0,10.0,14.0,3.0,3.0,0.0,1.0,0.0,0.0,8
232,2016-02-02,Leicester,Liverpool,2.0,0.0,H,0.0,0.0,D,A Marriner,13.0,14.0,6.0,2.0,6.0,7.0,3.0,12.0,0.0,1.0,0.0,0.0,8
234,2016-02-02,Norwich,Tottenham,0.0,3.0,A,0.0,2.0,A,K Friend,10.0,17.0,2.0,6.0,8.0,9.0,6.0,8.0,2.0,2.0,0.0,0.0,8
241,2016-06-02,Liverpool,Sunderland,2.0,2.0,D,0.0,0.0,D,R Madley,16.0,7.0,5.0,2.0,4.0,12.0,7.0,2.0,1.0,1.0,0.0,0.0,8
247,2016-06-02,Tottenham,Watford,1.0,0.0,H,0.0,0.0,D,R East,26.0,3.0,9.0,0.0,12.0,9.0,15.0,1.0,0.0,1.0,0.0,0.0,8
258,2016-02-14,Aston Villa,Liverpool,0.0,6.0,A,0.0,2.0,A,N Swarbrick,6.0,11.0,1.0,9.0,10.0,9.0,0.0,6.0,3.0,1.0,0.0,0.0,8
259,2016-02-14,Man City,Tottenham,1.0,2.0,A,0.0,0.0,D,M Clattenburg,19.0,6.0,4.0,3.0,12.0,17.0,7.0,1.0,1.0,3.0,0.0,0.0,8
266,2016-02-28,Tottenham,Swansea,2.0,1.0,H,0.0,1.0,A,M Jones,34.0,10.0,14.0,4.0,11.0,14.0,7.0,7.0,2.0,3.0,0.0,0.0,8
274,2016-02-03,Liverpool,Man City,3.0,0.0,H,2.0,0.0,H,M Atkinson,11.0,4.0,7.0,2.0,14.0,14.0,3.0,2.0,0.0,1.0,0.0,0.0,8
277,2016-02-03,West Ham,Tottenham,1.0,0.0,H,1.0,0.0,H,A Marriner,14.0,9.0,3.0,2.0,10.0,11.0,6.0,3.0,0.0,3.0,0.0,0.0,8
284,2016-05-03,Tottenham,Arsenal,2.0,2.0,D,0.0,1.0,A,M Oliver,26.0,10.0,11.0,4.0,9.0,10.0,9.0,2.0,2.0,2.0,0.0,1.0,8
286,2016-06-03,Crystal Palace,Liverpool,1.0,2.0,A,0.0,0.0,D,A Marriner,14.0,19.0,4.0,5.0,12.0,16.0,6.0,6.0,1.0,2.0,0.0,1.0,8
291,2016-03-13,Aston Villa,Tottenham,0.0,2.0,A,0.0,1.0,A,A Taylor,11.0,19.0,2.0,8.0,6.0,6.0,5.0,8.0,0.0,0.0,0.0,0.0,8
301,2016-03-20,Southampton,Liverpool,3.0,2.0,H,0.0,2.0,A,R East,16.0,18.0,5.0,9.0,10.0,13.0,3.0,5.0,1.0,3.0,0.0,0.0,8
302,2016-03-20,Tottenham,Bournemouth,3.0,0.0,H,2.0,0.0,H,N Swarbrick,17.0,2.0,8.0,0.0,11.0,6.0,4.0,5.0,0.0,1.0,0.0,0.0,8
306,2016-02-04,Liverpool,Tottenham,1.0,1.0,D,0.0,0.0,D,J Moss,15.0,18.0,7.0,5.0,11.0,11.0,12.0,9.0,2.0,0.0,0.0,0.0,8
320,2016-10-04,Liverpool,Stoke,4.0,1.0,H,2.0,1.0,H,M Clattenburg,14.0,10.0,6.0,3.0,14.0,14.0,6.0,3.0,0.0,2.0,0.0,0.0,8
322,2016-10-04,Tottenham,Man United,3.0,0.0,H,0.0,0.0,D,M Dean,16.0,5.0,8.0,1.0,10.0,10.0,2.0,7.0,3.0,3.0,0.0,0.0,8
331,2016-04-17,Bournemouth,Liverpool,1.0,2.0,A,0.0,2.0,A,M Jones,18.0,19.0,5.0,6.0,9.0,9.0,5.0,4.0,0.0,0.0,0.0,0.0,8
333,2016-04-18,Stoke,Tottenham,0.0,4.0,A,0.0,1.0,A,N Swarbrick,12.0,23.0,2.0,6.0,12.0,12.0,5.0,3.0,2.0,0.0,0.0,0.0,8
335,2016-04-20,Liverpool,Everton,4.0,0.0,H,2.0,0.0,H,R Madley,37.0,3.0,13.0,0.0,8.0,11.0,9.0,1.0,1.0,1.0,0.0,1.0,8
341,2016-04-23,Liverpool,Newcastle,2.0,2.0,D,2.0,0.0,H,A Marriner,13.0,6.0,4.0,3.0,8.0,17.0,5.0,4.0,1.0,1.0,0.0,0.0,8
345,2016-04-25,Tottenham,West Brom,1.0,1.0,D,1.0,0.0,H,M Jones,19.0,16.0,2.0,3.0,8.0,13.0,9.0,7.0,0.0,1.0,0.0,0.0,8
354,2016-01-05,Swansea,Liverpool,3.0,1.0,H,2.0,0.0,H,R East,18.0,11.0,9.0,3.0,12.0,13.0,4.0,7.0,2.0,2.0,0.0,1.0,8
355,2016-02-05,Chelsea,Tottenham,2.0,2.0,D,0.0,2.0,A,M Clattenburg,13.0,16.0,5.0,5.0,9.0,20.0,7.0,8.0,3.0,9.0,0.0,0.0,8
363,2016-08-05,Liverpool,Watford,2.0,0.0,H,1.0,0.0,H,L Mason,19.0,14.0,5.0,3.0,10.0,15.0,8.0,8.0,1.0,2.0,0.0,0.0,8
365,2016-08-05,Tottenham,Southampton,1.0,2.0,A,1.0,1.0,D,J Moss,20.0,10.0,6.0,2.0,8.0,16.0,10.0,2.0,0.0,3.0,0.0,0.0,8
367,2016-11-05,Liverpool,Chelsea,1.0,1.0,D,0.0,1.0,A,M Oliver,28.0,13.0,9.0,7.0,11.0,12.0,7.0,3.0,3.0,1.0,0.0,0.0,8
373,2016-05-15,Newcastle,Tottenham,5.0,1.0,H,2.0,0.0,H,A Taylor,19.0,17.0,10.0,5.0,7.0,6.0,3.0,8.0,1.0,2.0,1.0,0.0,8
378,2016-05-15,West Brom,Liverpool,1.0,1.0,D,1.0,1.0,D,R Madley,13.0,7.0,1.0,3.0,11.0,14.0,7.0,5.0,3.0,1.0,0.0,0.0,8
2,2016-08-13,Everton,Tottenham,1.0,1.0,D,1.0,0.0,H,M Atkinson,12.0,13.0,6.0,4.0,10.0,14.0,5.0,6.0,0.0,0.0,0.0,0.0,9
7,2016-08-14,Arsenal,Liverpool,3.0,4.0,A,1.0,1.0,D,M Oliver,9.0,16.0,5.0,7.0,13.0,17.0,5.0,4.0,3.0,3.0,0.0,0.0,9
11,2016-08-20,Burnley,Liverpool,2.0,0.0,H,2.0,0.0,H,L Mason,3.0,26.0,2.0,5.0,14.0,5.0,1.0,12.0,0.0,1.0,0.0,0.0,9
15,2016-08-20,Tottenham,Crystal Palace,1.0,0.0,H,0.0,0.0,D,M Oliver,20.0,10.0,5.0,2.0,19.0,9.0,10.0,4.0,3.0,3.0,0.0,0.0,9
26,2016-08-27,Tottenham,Liverpool,1.0,1.0,D,0.0,1.0,A,R Madley,11.0,13.0,4.0,3.0,11.0,17.0,5.0,5.0,3.0,5.0,0.0,0.0,9
33,2016-10-09,Liverpool,Leicester,4.0,1.0,H,2.0,1.0,H,C Pawson,17.0,12.0,11.0,3.0,4.0,8.0,1.0,7.0,1.0,2.0,0.0,0.0,9
36,2016-10-09,Stoke,Tottenham,0.0,4.0,A,0.0,1.0,A,A Taylor,15.0,20.0,2.0,8.0,13.0,18.0,10.0,8.0,3.0,2.0,0.0,0.0,9
40,2016-09-16,Chelsea,Liverpool,1.0,2.0,A,0.0,2.0,A,M Atkinson,12.0,13.0,4.0,5.0,6.0,13.0,6.0,4.0,1.0,1.0,0.0,0.0,9
48,2016-09-18,Tottenham,Sunderland,1.0,0.0,H,0.0,0.0,D,M Dean,31.0,6.0,9.0,2.0,7.0,16.0,14.0,1.0,1.0,5.0,0.0,1.0,9
52,2016-09-24,Liverpool,Hull,5.0,1.0,H,3.0,0.0,H,A Marriner,32.0,2.0,12.0,1.0,8.0,8.0,13.0,2.0,1.0,2.0,0.0,1.0,9
54,2016-09-24,Middlesbrough,Tottenham,1.0,2.0,A,0.0,2.0,A,G Scott,6.0,19.0,2.0,5.0,14.0,9.0,2.0,10.0,2.0,1.0,0.0,0.0,9
63,2016-01-10,Swansea,Liverpool,1.0,2.0,A,1.0,0.0,H,M Oliver,8.0,18.0,3.0,6.0,11.0,9.0,3.0,10.0,2.0,2.0,0.0,0.0,9
69,2016-02-10,Tottenham,Man City,2.0,0.0,H,2.0,0.0,H,A Marriner,13.0,12.0,7.0,6.0,20.0,10.0,4.0,3.0,2.0,2.0,0.0,0.0,9
76,2016-10-15,West Brom,Tottenham,1.0,1.0,D,0.0,0.0,D,K Friend,8.0,20.0,4.0,8.0,14.0,10.0,5.0,8.0,2.0,2.0,0.0,0.0,9
79,2016-10-17,Liverpool,Man United,0.0,0.0,D,0.0,0.0,D,A Taylor,9.0,7.0,3.0,1.0,14.0,20.0,3.0,1.0,0.0,4.0,0.0,0.0,9
81,2016-10-22,Bournemouth,Tottenham,0.0,0.0,D,0.0,0.0,D,C Pawson,8.0,16.0,1.0,4.0,10.0,15.0,7.0,4.0,2.0,4.0,0.0,0.0,9
85,2016-10-22,Liverpool,West Brom,2.0,1.0,H,2.0,0.0,H,N Swarbrick,21.0,6.0,7.0,1.0,9.0,13.0,3.0,2.0,1.0,3.0,0.0,0.0,9
90,2016-10-29,Crystal Palace,Liverpool,2.0,4.0,A,2.0,3.0,A,A Marriner,7.0,17.0,6.0,10.0,15.0,5.0,3.0,3.0,1.0,2.0,0.0,0.0,9
94,2016-10-29,Tottenham,Leicester,1.0,1.0,D,1.0,0.0,H,R Madley,22.0,6.0,5.0,1.0,11.0,20.0,8.0,1.0,3.0,4.0,0.0,0.0,9
105,2016-06-11,Arsenal,Tottenham,1.0,1.0,D,1.0,0.0,H,M Clattenburg,15.0,10.0,2.0,3.0,11.0,17.0,7.0,2.0,1.0,2.0,0.0,0.0,9
108,2016-06-11,Liverpool,Watford,6.0,1.0,H,3.0,0.0,H,M Oliver,28.0,11.0,17.0,8.0,14.0,10.0,6.0,3.0,1.0,2.0,0.0,0.0,9
113,2016-11-19,Southampton,Liverpool,0.0,0.0,D,0.0,0.0,D,M Clattenburg,3.0,15.0,0.0,2.0,8.0,11.0,1.0,8.0,1.0,1.0,0.0,0.0,9
116,2016-11-19,Tottenham,West Ham,3.0,2.0,H,0.0,1.0,A,M Dean,14.0,11.0,6.0,3.0,13.0,16.0,4.0,5.0,3.0,2.0,0.0,1.0,9
121,2016-11-26,Chelsea,Tottenham,2.0,1.0,H,1.0,1.0,D,M Oliver,9.0,12.0,5.0,6.0,13.0,16.0,3.0,8.0,2.0,1.0,0.0,0.0,9
124,2016-11-26,Liverpool,Sunderland,2.0,0.0,H,0.0,0.0,D,A Taylor,27.0,6.0,7.0,1.0,5.0,9.0,9.0,4.0,1.0,3.0,0.0,0.0,9
134,2016-03-12,Tottenham,Swansea,5.0,0.0,H,2.0,0.0,H,J Moss,28.0,1.0,15.0,0.0,11.0,17.0,5.0,0.0,0.0,4.0,0.0,0.0,9
137,2016-04-12,Bournemouth,Liverpool,4.0,3.0,H,0.0,2.0,A,R Madley,12.0,10.0,8.0,3.0,9.0,17.0,4.0,9.0,2.0,2.0,0.0,0.0,9
147,2016-11-12,Liverpool,West Ham,2.0,2.0,D,1.0,2.0,A,M Clattenburg,18.0,7.0,3.0,3.0,7.0,8.0,11.0,4.0,2.0,0.0,0.0,0.0,9
148,2016-11-12,Man United,Tottenham,1.0,0.0,H,1.0,0.0,H,R Madley,15.0,12.0,5.0,4.0,19.0,17.0,3.0,8.0,3.0,3.0,0.0,0.0,9
154,2016-12-14,Middlesbrough,Liverpool,0.0,3.0,A,0.0,1.0,A,J Moss,8.0,15.0,3.0,4.0,11.0,14.0,5.0,2.0,1.0,0.0,0.0,0.0,9
157,2016-12-14,Tottenham,Hull,3.0,0.0,H,1.0,0.0,H,A Marriner,27.0,10.0,9.0,5.0,6.0,14.0,5.0,5.0,0.0,2.0,0.0,0.0,9
168,2016-12-18,Tottenham,Burnley,2.0,1.0,H,1.0,1.0,D,K Friend,30.0,5.0,9.0,2.0,10.0,11.0,11.0,2.0,1.0,2.0,0.0,0.0,9
169,2016-12-19,Everton,Liverpool,0.0,1.0,A,0.0,0.0,D,M Dean,6.0,11.0,1.0,4.0,13.0,9.0,1.0,6.0,3.0,1.0,0.0,0.0,9
178,2016-12-27,Liverpool,Stoke,4.0,1.0,H,2.0,1.0,H,M Oliver,20.0,6.0,6.0,2.0,9.0,6.0,8.0,2.0,0.0,1.0,0.0,0.0,9
179,2016-12-28,Southampton,Tottenham,1.0,4.0,A,1.0,1.0,D,M Dean,9.0,17.0,2.0,5.0,7.0,16.0,2.0,10.0,1.0,4.0,1.0,0.0,9
184,2016-12-31,Liverpool,Man City,1.0,0.0,H,1.0,0.0,H,C Pawson,5.0,9.0,1.0,2.0,12.0,12.0,4.0,6.0,2.0,1.0,0.0,0.0,9
189,2017-01-01,Watford,Tottenham,1.0,4.0,A,0.0,3.0,A,M Oliver,6.0,19.0,2.0,6.0,11.0,6.0,0.0,3.0,3.0,0.0,0.0,0.0,9
193,2017-02-01,Sunderland,Liverpool,2.0,2.0,D,1.0,1.0,D,A Taylor,10.0,21.0,5.0,15.0,10.0,10.0,2.0,5.0,2.0,3.0,0.0,0.0,9
199,2017-04-01,Tottenham,Chelsea,2.0,0.0,H,1.0,0.0,H,M Atkinson,9.0,11.0,2.0,2.0,9.0,8.0,1.0,6.0,3.0,2.0,0.0,0.0,9
205,2017-01-14,Tottenham,West Brom,4.0,0.0,H,2.0,0.0,H,A Taylor,21.0,3.0,11.0,0.0,11.0,12.0,8.0,0.0,0.0,2.0,0.0,0.0,9
209,2017-01-15,Man United,Liverpool,1.0,1.0,D,0.0,1.0,A,M Oliver,9.0,13.0,3.0,4.0,17.0,13.0,5.0,7.0,1.0,3.0,0.0,0.0,9
212,2017-01-21,Liverpool,Swansea,2.0,3.0,A,0.0,0.0,D,K Friend,16.0,6.0,5.0,3.0,7.0,7.0,6.0,3.0,1.0,1.0,0.0,0.0,9
213,2017-01-21,Man City,Tottenham,2.0,2.0,D,0.0,0.0,D,A Marriner,17.0,6.0,7.0,2.0,10.0,7.0,5.0,4.0,2.0,4.0,0.0,0.0,9
223,2017-01-31,Liverpool,Chelsea,1.0,1.0,D,0.0,1.0,A,M Clattenburg,7.0,8.0,3.0,2.0,13.0,8.0,3.0,3.0,2.0,1.0,0.0,0.0,9
225,2017-01-31,Sunderland,Tottenham,0.0,0.0,D,0.0,0.0,D,L Mason,3.0,14.0,1.0,3.0,9.0,13.0,2.0,12.0,2.0,1.0,0.0,0.0,9
233,2017-04-02,Hull,Liverpool,2.0,0.0,H,1.0,0.0,H,L Mason,7.0,22.0,4.0,5.0,9.0,12.0,1.0,15.0,2.0,1.0,0.0,0.0,9
235,2017-04-02,Tottenham,Middlesbrough,1.0,0.0,H,0.0,0.0,D,M Clattenburg,17.0,8.0,5.0,0.0,8.0,11.0,11.0,2.0,0.0,1.0,0.0,0.0,9
241,2017-11-02,Liverpool,Tottenham,2.0,0.0,H,2.0,0.0,H,A Taylor,17.0,7.0,9.0,2.0,14.0,14.0,10.0,3.0,3.0,4.0,0.0,0.0,9
256,2017-02-26,Tottenham,Stoke,4.0,0.0,H,4.0,0.0,H,J Moss,21.0,5.0,9.0,3.0,11.0,14.0,8.0,5.0,2.0,3.0,0.0,0.0,9
257,2017-02-27,Leicester,Liverpool,3.0,1.0,H,2.0,0.0,H,M Oliver,13.0,17.0,7.0,7.0,8.0,5.0,5.0,12.0,0.0,0.0,0.0,0.0,9
259,2017-04-03,Liverpool,Arsenal,3.0,1.0,H,2.0,0.0,H,R Madley,18.0,7.0,7.0,3.0,8.0,15.0,9.0,3.0,1.0,2.0,0.0,0.0,9
266,2017-05-03,Tottenham,Everton,3.0,2.0,H,1.0,0.0,H,M Oliver,20.0,8.0,7.0,4.0,9.0,14.0,7.0,2.0,1.0,2.0,0.0,0.0,9
272,2017-12-03,Liverpool,Burnley,2.0,1.0,H,1.0,1.0,D,C Pawson,10.0,11.0,3.0,1.0,12.0,16.0,11.0,1.0,2.0,2.0,0.0,0.0,9
280,2017-03-19,Man City,Liverpool,1.0,1.0,D,0.0,0.0,D,M Oliver,13.0,13.0,3.0,4.0,14.0,7.0,9.0,8.0,3.0,3.0,0.0,0.0,9
282,2017-03-19,Tottenham,Southampton,2.0,1.0,H,2.0,0.0,H,A Marriner,12.0,8.0,6.0,3.0,12.0,13.0,5.0,1.0,3.0,3.0,0.0,0.0,9
283,2017-01-04,Burnley,Tottenham,0.0,2.0,A,0.0,0.0,D,S Attwell,13.0,19.0,2.0,7.0,9.0,6.0,3.0,7.0,2.0,0.0,0.0,0.0,9
287,2017-01-04,Liverpool,Everton,3.0,1.0,H,2.0,1.0,H,A Taylor,10.0,9.0,6.0,4.0,17.0,10.0,2.0,3.0,1.0,3.0,0.0,0.0,9
300,2017-05-04,Liverpool,Bournemouth,2.0,2.0,D,1.0,1.0,D,L Mason,20.0,7.0,8.0,2.0,11.0,8.0,7.0,2.0,1.0,1.0,0.0,0.0,9
302,2017-05-04,Swansea,Tottenham,1.0,3.0,A,1.0,0.0,H,J Moss,4.0,18.0,1.0,8.0,7.0,8.0,5.0,7.0,1.0,1.0,0.0,0.0,9
306,2017-08-04,Stoke,Liverpool,1.0,2.0,A,1.0,0.0,H,M Dean,9.0,14.0,4.0,4.0,7.0,11.0,5.0,8.0,0.0,2.0,0.0,0.0,9
307,2017-08-04,Tottenham,Watford,4.0,0.0,H,3.0,0.0,H,A Taylor,19.0,8.0,6.0,2.0,12.0,12.0,7.0,5.0,0.0,1.0,0.0,0.0,9
318,2017-04-15,Tottenham,Bournemouth,4.0,0.0,H,2.0,0.0,H,M Oliver,24.0,5.0,14.0,1.0,8.0,10.0,13.0,1.0,0.0,1.0,0.0,0.0,9
321,2017-04-16,West Brom,Liverpool,0.0,1.0,A,0.0,1.0,A,J Moss,7.0,15.0,2.0,2.0,15.0,9.0,4.0,4.0,3.0,1.0,0.0,0.0,9
328,2017-04-23,Liverpool,Crystal Palace,1.0,2.0,A,1.0,1.0,D,A Marriner,14.0,7.0,1.0,3.0,8.0,10.0,4.0,3.0,1.0,2.0,0.0,0.0,9
331,2017-04-26,Crystal Palace,Tottenham,0.0,1.0,A,0.0,0.0,D,J Moss,6.0,18.0,1.0,4.0,13.0,15.0,2.0,11.0,3.0,3.0,0.0,0.0,9
342,2017-04-30,Tottenham,Arsenal,2.0,0.0,H,0.0,0.0,D,M Oliver,20.0,12.0,11.0,4.0,7.0,15.0,14.0,5.0,1.0,3.0,0.0,0.0,9
343,2017-01-05,Watford,Liverpool,0.0,1.0,A,0.0,1.0,A,C Pawson,9.0,12.0,2.0,8.0,11.0,9.0,3.0,5.0,3.0,1.0,0.0,0.0,9
344,2017-05-05,West Ham,Tottenham,1.0,0.0,H,0.0,0.0,D,A Taylor,13.0,11.0,5.0,5.0,8.0,9.0,3.0,7.0,4.0,2.0,0.0,0.0,9
352,2017-07-05,Liverpool,Southampton,0.0,0.0,D,0.0,0.0,D,R Madley,17.0,4.0,8.0,0.0,9.0,4.0,3.0,6.0,1.0,3.0,0.0,0.0,9
363,2017-05-14,Tottenham,Man United,2.0,1.0,H,1.0,0.0,H,J Moss,14.0,8.0,7.0,2.0,14.0,15.0,8.0,3.0,1.0,2.0,0.0,0.0,9
364,2017-05-14,West Ham,Liverpool,0.0,4.0,A,0.0,1.0,A,N Swarbrick,10.0,26.0,3.0,11.0,5.0,10.0,4.0,6.0,2.0,0.0,0.0,0.0,9
369,2017-05-18,Leicester,Tottenham,1.0,6.0,A,0.0,2.0,A,M Oliver,12.0,26.0,5.0,12.0,11.0,8.0,4.0,4.0,3.0,1.0,0.0,0.0,9
373,2017-05-21,Hull,Tottenham,1.0,7.0,A,0.0,3.0,A,A Marriner,10.0,19.0,4.0,14.0,14.0,5.0,2.0,3.0,0.0,0.0,0.0,0.0,9
375,2017-05-21,Liverpool,Middlesbrough,3.0,0.0,H,1.0,0.0,H,M Atkinson,25.0,9.0,10.0,3.0,13.0,8.0,3.0,3.0,0.0,1.0,0.0,0.0,9
